1529518898.286799, 0.166666666667, 0.954545454545, 1.0, 1.0, 0.85, 1.0
1529518898.4517992, 0.166666666667, 0.727272727273, 1.0, 0.947368421053, 0.4, 1.0
1529518898.616799, 0.0, 0.636363636364, 0.95, 0.0, 0.2, 0.363636363636
1529518898.8067992, 0.0, 0.409090909091, 0.95, 0.0, 0.1, 0.363636363636
1529518898.965799, 0.0, 0.363636363636, 0.95, 0.0, 0.05, 0.363636363636
1529518899.176799, 0.0, 0.272727272727, 0.95, 0.0, 0.05, 0.363636363636
1529518899.419799, 0.0, 0.318181818182, 0.95, 0.0, 0.05, 0.363636363636
1529518899.6327991, 0.0, 0.318181818182, 0.95, 0.0, 0.05, 0.363636363636
1529518899.881799, 0.0, 0.318181818182, 0.95, 0.0, 0.05, 0.363636363636
1529518900.046799, 0.0, 0.318181818182, 0.95, 0.0, 0.0, 0.363636363636
1529518900.206799, 0.0, 0.318181818182, 0.95, 0.0, 0.0, 0.363636363636
1529518900.400799, 0.0, 0.318181818182, 0.95, 0.0, 0.0, 0.363636363636
1529518900.611799, 0.0, 0.318181818182, 0.95, 0.0, 0.0, 0.363636363636
1529518900.768799, 0.0, 0.318181818182, 0.95, 0.0, 0.0, 0.363636363636
1529518900.946799, 0.0, 0.272727272727, 0.95, 0.0, 0.0, 0.363636363636
1529518901.113799, 0.0, 0.272727272727, 0.95, 0.0, 0.0, 0.363636363636
1529518901.258799, 0.0, 0.272727272727, 0.95, 0.0, 0.0, 0.363636363636
1529518901.442799, 0.0, 0.0454545454545, 0.95, 0.0, 0.0, 0.363636363636
1529518901.674799, 0.0, 0.136363636364, 0.95, 0.0, 0.0, 0.363636363636
1529518901.858799, 0.0, 0.181818181818, 0.95, 0.0, 0.0, 0.363636363636
1529518902.069799, 0.0, 0.181818181818, 0.95, 0.0, 0.0, 0.363636363636
1529518902.2607992, 0.0, 0.181818181818, 0.95, 0.0, 0.0, 0.363636363636
1529518902.420799, 0.0, 0.181818181818, 0.95, 0.0, 0.0, 0.363636363636
1529518902.575799, 0.0, 0.181818181818, 0.95, 0.0, 0.0, 0.363636363636
1529518902.802799, 0.0, 0.227272727273, 0.95, 0.0, 0.0, 0.363636363636
1529518902.993799, 0.0, 0.181818181818, 0.95, 0.0, 0.0, 0.363636363636
1529518903.274799, 0.0, 0.181818181818, 0.95, 0.0, 0.0, 0.363636363636
1529518903.4877992, 0.0, 0.181818181818, 0.95, 0.0, 0.0, 0.363636363636
1529518903.673799, 0.0, 0.181818181818, 0.9, 0.0, 0.0, 0.363636363636
1529518903.874799, 0.0, 0.181818181818, 0.8, 0.0, 0.0, 0.363636363636
1529518904.166799, 0.0, 0.181818181818, 0.8, 0.0, 0.0, 0.363636363636
1529518904.452799, 0.0, 0.181818181818, 0.8, 0.0, 0.0, 0.363636363636
1529518904.687799, 0.0, 0.181818181818, 0.8, 0.0, 0.0, 0.363636363636
1529518904.901799, 0.0, 0.181818181818, 0.8, 0.0, 0.0, 0.363636363636
1529518905.061799, 0.0, 0.181818181818, 0.8, 0.0, 0.0, 0.363636363636
1529518905.2277992, 0.0, 0.181818181818, 0.8, 0.0, 0.0, 0.363636363636
1529518905.443799, 0.0, 0.181818181818, 0.8, 0.0, 0.0, 0.363636363636
1529518905.656799, 0.0, 0.181818181818, 0.8, 0.0, 0.0, 0.363636363636
1529518905.861799, 0.0, 0.181818181818, 0.8, 0.0, 0.0, 0.363636363636
1529518906.110799, 0.0, 0.181818181818, 0.8, 0.0, 0.0, 0.363636363636
1529518906.341799, 0.0, 0.0909090909091, 0.8, 0.0, 0.0, 0.363636363636
1529518906.5337992, 0.0, 0.0909090909091, 0.8, 0.0, 0.05, 0.363636363636
1529518906.776799, 0.0, 0.0909090909091, 0.8, 0.0, 0.0, 0.363636363636
1529518906.9547992, 0.0, 0.0909090909091, 0.8, 0.0, 0.0, 0.363636363636
1529518907.2277992, 0.0, 0.0909090909091, 0.8, 0.0, 0.0, 0.363636363636
1529518907.443799, 0.0, 0.0909090909091, 0.8, 0.0, 0.0, 0.363636363636
1529518907.600799, 0.0, 0.0909090909091, 0.8, 0.0, 0.0, 0.363636363636
1529518907.835799, 0.0, 0.0909090909091, 0.8, 0.0, 0.0, 0.363636363636
1529518907.980799, 0.0, 0.0909090909091, 0.8, 0.0, 0.0, 0.363636363636
1529518908.262799, 0.0, 0.0909090909091, 0.75, 0.0, 0.0, 0.363636363636
1529518908.453799, 0.0, 0.0909090909091, 0.75, 0.0, 0.0, 0.363636363636
1529518908.702799, 0.0, 0.0909090909091, 0.75, 0.0, 0.05, 0.363636363636
1529518908.929799, 0.0, 0.0909090909091, 0.75, 0.0, 0.0, 0.363636363636
1529518909.091799, 0.0, 0.0909090909091, 0.75, 0.0, 0.0, 0.363636363636
1529518909.276799, 0.0, 0.0909090909091, 0.75, 0.0, 0.0, 0.363636363636
1529518909.460799, 0.0, 0.0909090909091, 0.75, 0.0, 0.0, 0.363636363636
1529518909.705799, 0.0, 0.0909090909091, 0.75, 0.0, 0.0, 0.363636363636
1529518909.942799, 0.0, 0.0909090909091, 0.7, 0.0, 0.0, 0.363636363636
1529518910.1657991, 0.0, 0.0909090909091, 0.7, 0.0, 0.0, 0.363636363636
1529518910.447799, 0.0, 0.0454545454545, 0.65, 0.0, 0.0, 0.363636363636
1529518910.617799, 0.0, 0.0454545454545, 0.65, 0.0, 0.0, 0.363636363636
1529518910.7777991, 0.0, 0.0454545454545, 0.65, 0.0, 0.0, 0.363636363636
1529518910.942799, 0.0, 0.0454545454545, 0.65, 0.0, 0.0, 0.363636363636
1529518911.094799, 0.0, 0.0909090909091, 0.65, 0.0, 0.0, 0.363636363636
1529518911.3067992, 0.0, 0.136363636364, 0.65, 0.0, 0.0, 0.363636363636
1529518911.470799, 0.0, 0.0909090909091, 0.65, 0.0, 0.0, 0.363636363636
1529518911.676799, 0.0, 0.0909090909091, 0.65, 0.0, 0.0, 0.363636363636
1529518911.919799, 0.0, 0.0454545454545, 0.65, 0.0, 0.0, 0.363636363636
1529518912.1757991, 0.0, 0.0454545454545, 0.65, 0.0, 0.0, 0.363636363636
1529518912.421799, 0.0, 0.0909090909091, 0.65, 0.0, 0.0, 0.363636363636
1529518912.5837991, 0.0, 0.0909090909091, 0.65, 0.0, 0.0, 0.363636363636
1529518912.8067992, 0.0, 0.136363636364, 0.65, 0.0, 0.0, 0.363636363636
1529518912.983799, 0.0, 0.136363636364, 0.65, 0.0, 0.0, 0.363636363636
1529518913.194799, 0.0, 0.0909090909091, 0.65, 0.0, 0.0, 0.363636363636
1529518913.397799, 0.0, 0.0909090909091, 0.65, 0.0, 0.0, 0.363636363636
1529518913.627799, 0.0, 0.0909090909091, 0.65, 0.0, 0.0, 0.363636363636
1529518913.874799, 0.0, 0.0909090909091, 0.65, 0.0, 0.0, 0.363636363636
1529518914.156799, 0.0, 0.0454545454545, 0.65, 0.0, 0.0, 0.363636363636
1529518914.423799, 0.0, 0.0454545454545, 0.65, 0.0, 0.0, 0.363636363636
1529518914.5667992, 0.0, 0.0454545454545, 0.65, 0.0, 0.0, 0.363636363636
1529518914.857799, 0.0, 0.0454545454545, 0.65, 0.0, 0.0, 0.363636363636
1529518915.034799, 0.0, 0.0454545454545, 0.65, 0.0, 0.0, 0.363636363636
1529521444.4046335, 1.0, 0.954545454545, 1.0, 1.0, 1.0, 1.0
1529521444.4846337, 0.166666666667, 0.818181818182, 1.0, 0.947368421053, 0.5, 1.0
1529521444.6226337, 0.166666666667, 0.636363636364, 1.0, 0.0, 0.1, 1.0
1529521444.7776337, 0.0, 0.545454545455, 0.95, 0.0, 0.1, 0.363636363636
1529521444.9466336, 0.0, 0.409090909091, 0.95, 0.0, 0.1, 0.363636363636
1529521445.1776335, 0.0, 0.318181818182, 0.95, 0.0, 0.05, 0.363636363636
1529521445.3916337, 0.0, 0.318181818182, 0.95, 0.0, 0.05, 0.363636363636
1529521445.5916336, 0.0, 0.409090909091, 0.95, 0.0, 0.05, 0.363636363636
1529521445.7886336, 0.0, 0.363636363636, 0.95, 0.0, 0.05, 0.363636363636
1529521445.9246337, 0.0, 0.318181818182, 0.95, 0.0, 0.05, 0.363636363636
1529521446.0576336, 0.0, 0.318181818182, 0.95, 0.0, 0.05, 0.363636363636
1529521446.2046337, 0.0, 0.318181818182, 0.95, 0.0, 0.05, 0.363636363636
1529521446.4306335, 0.0, 0.272727272727, 0.95, 0.0, 0.0, 0.363636363636
1529521446.5696337, 0.0, 0.272727272727, 0.95, 0.0, 0.0, 0.363636363636
1529521446.7466335, 0.0, 0.272727272727, 0.95, 0.0, 0.0, 0.363636363636
1529521446.9206336, 0.0, 0.272727272727, 0.95, 0.0, 0.0, 0.363636363636
1529521447.0646336, 0.0, 0.272727272727, 0.95, 0.0, 0.0, 0.363636363636
1529521447.2936337, 0.0, 0.227272727273, 0.95, 0.0, 0.0, 0.363636363636
1529521447.4446337, 0.0, 0.181818181818, 0.95, 0.0, 0.0, 0.363636363636
1529521447.6256337, 0.0, 0.0, 0.95, 0.0, 0.0, 0.363636363636
1529521447.7926335, 0.0, 0.136363636364, 0.95, 0.0, 0.0, 0.363636363636
1529521447.9766335, 0.0, 0.181818181818, 0.95, 0.0, 0.0, 0.363636363636
1529521448.1876335, 0.0, 0.181818181818, 0.95, 0.0, 0.0, 0.363636363636
1529521448.4186337, 0.0, 0.181818181818, 0.95, 0.0, 0.0, 0.363636363636
1529521448.5716336, 0.0, 0.181818181818, 0.95, 0.0, 0.0, 0.363636363636
1529521448.8116336, 0.0, 0.181818181818, 0.95, 0.0, 0.0, 0.363636363636
1529521448.9746337, 0.0, 0.181818181818, 0.95, 0.0, 0.0, 0.363636363636
1529521449.2266335, 0.0, 0.181818181818, 0.95, 0.0, 0.0, 0.363636363636
1529521449.4586337, 0.0, 0.181818181818, 0.95, 0.0, 0.0, 0.363636363636
1529521449.6316335, 0.0, 0.181818181818, 0.85, 0.0, 0.0, 0.363636363636
1529521449.7916336, 0.0, 0.181818181818, 0.85, 0.0, 0.0, 0.363636363636
1529521449.9646337, 0.0, 0.181818181818, 0.8, 0.0, 0.0, 0.363636363636
1529521450.1656337, 0.0, 0.181818181818, 0.75, 0.0, 0.0, 0.363636363636
1529521450.3906336, 0.0, 0.181818181818, 0.65, 0.0, 0.0, 0.363636363636
1529521450.6246336, 0.0, 0.181818181818, 0.65, 0.0, 0.0, 0.363636363636
1529521450.8376336, 0.0, 0.181818181818, 0.65, 0.0, 0.0, 0.363636363636
1529521451.0276337, 0.0, 0.181818181818, 0.65, 0.0, 0.0, 0.363636363636
1529521451.2646337, 0.0, 0.181818181818, 0.65, 0.0, 0.0, 0.363636363636
1529521451.4786336, 0.0, 0.181818181818, 0.65, 0.0, 0.0, 0.363636363636
1529521451.7046337, 0.0, 0.181818181818, 0.65, 0.0, 0.0, 0.363636363636
1529521451.9086337, 0.0, 0.181818181818, 0.65, 0.0, 0.0, 0.363636363636
1529521452.0676336, 0.0, 0.181818181818, 0.6, 0.0, 0.0, 0.363636363636
1529521452.2996337, 0.0, 0.181818181818, 0.6, 0.0, 0.0, 0.363636363636
1529521452.4676337, 0.0, 0.181818181818, 0.6, 0.0, 0.0, 0.363636363636
1529521452.6736336, 0.0, 0.136363636364, 0.6, 0.0, 0.1, 0.363636363636
1529521452.8466337, 0.0, 0.0909090909091, 0.6, 0.0, 0.0, 0.363636363636
1529521453.0036337, 0.0, 0.0909090909091, 0.6, 0.0, 0.0, 0.363636363636
1529521453.2146337, 0.0, 0.0909090909091, 0.6, 0.0, 0.0, 0.363636363636
1529521453.3916337, 0.0, 0.0909090909091, 0.6, 0.0, 0.0, 0.363636363636
1529521453.5536337, 0.0, 0.0909090909091, 0.6, 0.0, 0.0, 0.363636363636
1529521453.6706336, 0.0, 0.0454545454545, 0.6, 0.0, 0.0, 0.363636363636
1529521453.8146336, 0.0, 0.0454545454545, 0.6, 0.0, 0.0, 0.363636363636
1529521453.9886336, 0.0, 0.0454545454545, 0.55, 0.0, 0.0, 0.363636363636
1529521454.2336335, 0.0, 0.0454545454545, 0.55, 0.0, 0.0, 0.363636363636
1529521454.4476337, 0.0, 0.0454545454545, 0.55, 0.0, 0.0, 0.363636363636
1529521454.6296337, 0.0, 0.0454545454545, 0.55, 0.0, 0.0, 0.363636363636
1529521454.7836337, 0.0, 0.0454545454545, 0.55, 0.0, 0.05, 0.363636363636
1529521454.9436336, 0.0, 0.0454545454545, 0.55, 0.0, 0.0, 0.363636363636
1529521455.1226337, 0.0, 0.0454545454545, 0.55, 0.0, 0.0, 0.363636363636
1529521455.2866337, 0.0, 0.0454545454545, 0.55, 0.0, 0.0, 0.363636363636
1529521455.4396336, 0.0, 0.0454545454545, 0.55, 0.0, 0.0, 0.363636363636
1529521455.6616337, 0.0, 0.0454545454545, 0.55, 0.0, 0.0, 0.363636363636
1529521455.7896335, 0.0, 0.0454545454545, 0.55, 0.0, 0.0, 0.363636363636
1529521455.9306335, 0.0, 0.0454545454545, 0.55, 0.0, 0.0, 0.363636363636
1529521456.1086335, 0.0, 0.0454545454545, 0.5, 0.0, 0.0, 0.363636363636
1529521456.2486336, 0.0, 0.0454545454545, 0.5, 0.0, 0.0, 0.363636363636
1529521456.4426336, 0.0, 0.0454545454545, 0.5, 0.0, 0.0, 0.363636363636
1529521456.5946336, 0.0, 0.0454545454545, 0.5, 0.0, 0.0, 0.363636363636
1529521456.7276337, 0.0, 0.0454545454545, 0.5, 0.0, 0.0, 0.363636363636
1529521456.8876336, 0.0, 0.0454545454545, 0.5, 0.0, 0.0, 0.363636363636
1529521457.0746336, 0.0, 0.0454545454545, 0.5, 0.0, 0.0, 0.363636363636
1529521457.2726336, 0.0, 0.0454545454545, 0.5, 0.0, 0.0, 0.363636363636
1529521457.4476337, 0.0, 0.136363636364, 0.5, 0.0, 0.0, 0.363636363636
1529521457.5146337, 0.0, 0.136363636364, 0.5, 0.0, 0.0, 0.363636363636
1529523662.28619, 0.166666666667, 0.954545454545, 1.0, 1.0, 0.85, 1.0
1529523662.40419, 0.166666666667, 0.727272727273, 1.0, 0.947368421053, 0.5, 1.0
1529523662.6391902, 0.0, 0.590909090909, 0.95, 0.0, 0.15, 0.363636363636
1529523662.7711902, 0.0, 0.454545454545, 0.95, 0.0, 0.1, 0.363636363636
1529523662.95319, 0.0, 0.318181818182, 0.95, 0.0, 0.0, 0.363636363636
1529523663.1391902, 0.0, 0.227272727273, 0.95, 0.0, 0.0, 0.363636363636
1529523663.38719, 0.0, 0.318181818182, 0.95, 0.0, 0.0, 0.363636363636
1529523663.6191902, 0.0, 0.318181818182, 0.95, 0.0, 0.0, 0.363636363636
1529523663.7381902, 0.0, 0.318181818182, 0.95, 0.0, 0.0, 0.363636363636
1529523663.86819, 0.0, 0.272727272727, 0.95, 0.0, 0.0, 0.363636363636
1529523663.99319, 0.0, 0.272727272727, 0.95, 0.0, 0.0, 0.363636363636
1529523664.12719, 0.0, 0.272727272727, 0.95, 0.0, 0.0, 0.363636363636
1529523664.2781901, 0.0, 0.227272727273, 0.95, 0.0, 0.0, 0.363636363636
1529523664.5001903, 0.0, 0.227272727273, 0.95, 0.0, 0.0, 0.363636363636
1529523664.63819, 0.0, 0.227272727273, 0.95, 0.0, 0.0, 0.363636363636
1529523664.7801902, 0.0, 0.227272727273, 0.95, 0.0, 0.0, 0.363636363636
1529523664.9081903, 0.0, 0.227272727273, 0.95, 0.0, 0.0, 0.363636363636
1529523665.06519, 0.0, 0.227272727273, 0.95, 0.0, 0.0, 0.363636363636
1529523665.2281902, 0.0, 0.227272727273, 0.95, 0.0, 0.0, 0.363636363636
1529523665.4641902, 0.0, 0.0454545454545, 0.95, 0.0, 0.0, 0.363636363636
1529523665.6331902, 0.0, 0.227272727273, 0.95, 0.0, 0.0, 0.363636363636
1529523665.8071902, 0.0, 0.181818181818, 0.95, 0.0, 0.0, 0.363636363636
1529523665.9981902, 0.0, 0.181818181818, 0.95, 0.0, 0.0, 0.363636363636
1529523666.1531901, 0.0, 0.181818181818, 0.95, 0.0, 0.0, 0.363636363636
1529523666.2941902, 0.0, 0.181818181818, 0.95, 0.0, 0.0, 0.363636363636
1529523666.4311903, 0.0, 0.181818181818, 0.95, 0.0, 0.0, 0.363636363636
1529523666.5941901, 0.0, 0.181818181818, 0.95, 0.0, 0.0, 0.363636363636
1529523666.7501903, 0.0, 0.181818181818, 0.95, 0.0, 0.0, 0.363636363636
1529523666.9851902, 0.0, 0.181818181818, 0.95, 0.0, 0.0, 0.363636363636
1529523667.1401901, 0.0, 0.181818181818, 0.95, 0.0, 0.0, 0.363636363636
1529523667.3801901, 0.0, 0.181818181818, 0.95, 0.0, 0.0, 0.363636363636
1529523667.5341902, 0.0, 0.181818181818, 0.95, 0.0, 0.0, 0.363636363636
1529523667.66019, 0.0, 0.181818181818, 0.9, 0.0, 0.0, 0.363636363636
1529523667.87419, 0.0, 0.181818181818, 0.85, 0.0, 0.0, 0.363636363636
1529523668.12719, 0.0, 0.181818181818, 0.8, 0.0, 0.0, 0.363636363636
1529523668.3441901, 0.0, 0.181818181818, 0.75, 0.0, 0.0, 0.363636363636
1529523668.55919, 0.0, 0.181818181818, 0.75, 0.0, 0.0, 0.363636363636
1529523668.73319, 0.0, 0.181818181818, 0.75, 0.0, 0.0, 0.363636363636
1529523668.9811902, 0.0, 0.181818181818, 0.75, 0.0, 0.0, 0.363636363636
1529523669.19319, 0.0, 0.181818181818, 0.75, 0.0, 0.0, 0.363636363636
1529523669.35419, 0.0, 0.181818181818, 0.75, 0.0, 0.0, 0.363636363636
1529523669.5151901, 0.0, 0.181818181818, 0.75, 0.0, 0.0, 0.363636363636
1529523669.6481903, 0.0, 0.181818181818, 0.75, 0.0, 0.0, 0.363636363636
1529523669.80819, 0.0, 0.181818181818, 0.75, 0.0, 0.0, 0.363636363636
1529523669.93719, 0.0, 0.181818181818, 0.75, 0.0, 0.0, 0.363636363636
1529523670.1481903, 0.0, 0.181818181818, 0.75, 0.0, 0.0, 0.363636363636
1529523670.3141901, 0.0, 0.0909090909091, 0.75, 0.0, 0.0, 0.363636363636
1529523670.46619, 0.0, 0.0909090909091, 0.75, 0.0, 0.1, 0.363636363636
1529523670.63419, 0.0, 0.0909090909091, 0.75, 0.0, 0.05, 0.363636363636
1529523670.79519, 0.0, 0.0454545454545, 0.75, 0.0, 0.0, 0.363636363636
1529523670.9871902, 0.0, 0.0454545454545, 0.75, 0.0, 0.0, 0.363636363636
1529523671.1421902, 0.0, 0.0454545454545, 0.75, 0.0, 0.0, 0.363636363636
1529523671.28919, 0.0, 0.0454545454545, 0.75, 0.0, 0.0, 0.363636363636
1529523671.4351902, 0.0, 0.0454545454545, 0.75, 0.0, 0.0, 0.363636363636
1529523671.55219, 0.0, 0.0454545454545, 0.75, 0.0, 0.0, 0.363636363636
1529523671.78219, 0.0, 0.0454545454545, 0.7, 0.0, 0.0, 0.363636363636
1529523672.0001903, 0.0, 0.0454545454545, 0.65, 0.0, 0.0, 0.363636363636
1529523672.1811903, 0.0, 0.0454545454545, 0.65, 0.0, 0.0, 0.363636363636
1529523672.3691902, 0.0, 0.0454545454545, 0.65, 0.0, 0.0, 0.363636363636
1529523672.5101902, 0.0, 0.0454545454545, 0.65, 0.0, 0.0, 0.363636363636
1529523672.6491902, 0.0, 0.0454545454545, 0.65, 0.0, 0.0, 0.363636363636
1529523672.82219, 0.0, 0.0454545454545, 0.65, 0.0, 0.0, 0.363636363636
1529523672.95619, 0.0, 0.0454545454545, 0.65, 0.0, 0.0, 0.363636363636
1529523673.09119, 0.0, 0.0454545454545, 0.65, 0.0, 0.0, 0.363636363636
1529523673.24919, 0.0, 0.0454545454545, 0.65, 0.0, 0.0, 0.363636363636
1529523673.4091902, 0.0, 0.0454545454545, 0.65, 0.0, 0.0, 0.363636363636
1529523673.6221902, 0.0, 0.0454545454545, 0.65, 0.0, 0.0, 0.363636363636
1529523673.77919, 0.0, 0.0454545454545, 0.65, 0.0, 0.0, 0.363636363636
1529523674.02219, 0.0, 0.0454545454545, 0.6, 0.0, 0.0, 0.363636363636
1529523674.1561902, 0.0, 0.0454545454545, 0.6, 0.0, 0.0, 0.363636363636
1529523674.2971902, 0.0, 0.0454545454545, 0.6, 0.0, 0.0, 0.363636363636
1529523674.5381901, 0.0, 0.0454545454545, 0.6, 0.0, 0.0, 0.363636363636
1529523674.7351902, 0.0, 0.0454545454545, 0.6, 0.0, 0.0, 0.363636363636
1529523674.90719, 0.0, 0.0454545454545, 0.6, 0.0, 0.0, 0.363636363636
1529523675.08519, 0.0, 0.0454545454545, 0.6, 0.0, 0.0, 0.363636363636
1529523675.2581902, 0.0, 0.0909090909091, 0.6, 0.0, 0.0, 0.363636363636
1529523675.42319, 0.0, 0.136363636364, 0.6, 0.0, 0.0, 0.363636363636
1529523675.6231902, 0.0, 0.0454545454545, 0.6, 0.0, 0.0, 0.363636363636
1529523675.8891902, 0.0, 0.0454545454545, 0.6, 0.0, 0.0, 0.363636363636
1529523676.1301901, 0.0, 0.0454545454545, 0.6, 0.0, 0.0, 0.363636363636
1529523676.3431902, 0.0, 0.0454545454545, 0.6, 0.0, 0.0, 0.363636363636
1529523676.4851902, 0.0, 0.0909090909091, 0.6, 0.0, 0.0, 0.363636363636
1529523676.6661901, 0.0, 0.136363636364, 0.6, 0.0, 0.0, 0.363636363636
1529523676.87719, 0.0, 0.0909090909091, 0.6, 0.0, 0.0, 0.363636363636
1529523677.01319, 0.0, 0.0909090909091, 0.6, 0.0, 0.0, 0.363636363636
1529523677.1561902, 0.0, 0.0909090909091, 0.6, 0.0, 0.0, 0.363636363636
1529523677.3301902, 0.0, 0.0909090909091, 0.6, 0.0, 0.0, 0.363636363636
1529523677.50319, 0.0, 0.0909090909091, 0.6, 0.0, 0.0, 0.363636363636
1529523677.73019, 0.0, 0.0454545454545, 0.6, 0.0, 0.0, 0.363636363636
1529523677.9181902, 0.0, 0.0454545454545, 0.6, 0.0, 0.0, 0.363636363636
1529523678.1561902, 0.0, 0.0454545454545, 0.6, 0.0, 0.0, 0.363636363636
1529523678.3671901, 0.0, 0.0454545454545, 0.6, 0.0, 0.0, 0.363636363636
1529523678.50619, 0.0, 0.0454545454545, 0.6, 0.0, 0.0, 0.363636363636
1529523678.7041903, 0.0, 0.0454545454545, 0.6, 0.0, 0.0, 0.363636363636
1529523678.9281902, 0.0, 0.0454545454545, 0.6, 0.0, 0.0, 0.363636363636
1529523679.0901902, 0.0, 0.0454545454545, 0.6, 0.0, 0.0, 0.363636363636
1529523679.27919, 0.0, 0.0454545454545, 0.6, 0.0, 0.0, 0.363636363636
1529523679.52219, 0.0, 0.0454545454545, 0.6, 0.0, 0.0, 0.363636363636
1529523679.7571902, 0.0, 0.0454545454545, 0.6, 0.0, 0.0, 0.363636363636
1529523679.9971902, 0.0, 0.0454545454545, 0.6, 0.0, 0.0, 0.363636363636
1529523680.21619, 0.0, 0.0454545454545, 0.6, 0.0, 0.0, 0.545454545455
1529523680.4321902, 0.0, 0.0454545454545, 0.6, 0.0, 0.05, 0.545454545455
1529523680.5791903, 0.0, 0.0454545454545, 0.6, 0.0, 0.1, 0.545454545455
1529523680.75219, 0.0, 0.0454545454545, 0.6, 0.0, 0.1, 0.545454545455
1529523681.0111902, 0.0, 0.0454545454545, 0.6, 0.0, 0.0, 0.545454545455
1529523681.24619, 0.0, 0.0454545454545, 0.6, 0.0, 0.0, 0.545454545455
1529523681.38419, 0.0, 0.0454545454545, 0.6, 0.0, 0.0, 0.363636363636
1529523681.6791902, 0.0, 0.0454545454545, 0.6, 0.0, 0.0, 0.363636363636
1529523682.11819, 0.0, 0.0454545454545, 0.6, 0.0, 0.0, 0.363636363636
1529523682.4741902, 0.0, 0.0454545454545, 0.6, 0.0, 0.0, 0.363636363636
1529523682.67019, 0.0, 0.0454545454545, 0.6, 0.0, 0.0, 0.363636363636
1529523682.8921902, 0.0, 0.0454545454545, 0.6, 0.0, 0.0, 0.363636363636
1529523683.1531901, 0.0, 0.0454545454545, 0.6, 0.0, 0.0, 0.363636363636
1529523683.3301902, 0.0, 0.0454545454545, 0.6, 0.0, 0.0, 0.363636363636
1529523683.5501902, 0.0, 0.0454545454545, 0.6, 0.0, 0.0, 0.363636363636
1529523683.8101902, 0.0, 0.0454545454545, 0.6, 0.0, 0.0, 0.363636363636
1529523684.1261902, 0.0, 0.0454545454545, 0.6, 0.0, 0.0, 0.363636363636
1529523684.2901902, 0.0, 0.0454545454545, 0.6, 0.0, 0.0, 0.363636363636
1529523684.4381902, 0.0, 0.0454545454545, 0.6, 0.0, 0.05, 0.363636363636
1529523684.5861902, 0.0, 0.0454545454545, 0.6, 0.0, 0.05, 0.363636363636
1529523684.7931902, 0.0, 0.0454545454545, 0.6, 0.0, 0.0, 0.363636363636
1529523685.0441902, 0.0, 0.0454545454545, 0.6, 0.0, 0.0, 0.363636363636
1529523685.2081902, 0.0, 0.0454545454545, 0.6, 0.0, 0.0, 0.363636363636
1529523685.39119, 0.0, 0.0454545454545, 0.6, 0.0, 0.0, 0.363636363636
1529523685.5331903, 0.0, 0.0454545454545, 0.6, 0.0, 0.0, 0.363636363636
1529523685.81819, 0.0, 0.0454545454545, 0.6, 0.0, 0.0, 0.363636363636
1529523686.0631902, 0.0, 0.0454545454545, 0.6, 0.0, 0.0, 0.363636363636
1529523686.3271902, 0.0, 0.0454545454545, 0.6, 0.0, 0.05, 0.363636363636
1529523686.51919, 0.0, 0.0454545454545, 0.6, 0.0, 0.05, 0.363636363636
1529523686.72019, 0.0, 0.0454545454545, 0.6, 0.0, 0.0, 0.363636363636
1529523686.9131901, 0.0, 0.0454545454545, 0.6, 0.0, 0.1, 0.363636363636
1529523687.12419, 0.0, 0.0454545454545, 0.6, 0.0, 0.0, 0.363636363636
1529523687.3341901, 0.0, 0.0454545454545, 0.6, 0.0, 0.0, 0.363636363636
1529523687.5111902, 0.0, 0.0454545454545, 0.6, 0.0, 0.0, 0.363636363636
1529523687.68019, 0.0, 0.0454545454545, 0.6, 0.0, 0.0, 0.363636363636
1529523687.9191902, 0.0, 0.0454545454545, 0.6, 0.0, 0.0, 0.363636363636
1529523688.1451902, 0.0, 0.0454545454545, 0.6, 0.0, 0.0, 0.363636363636
1529523688.31519, 0.0, 0.0454545454545, 0.6, 0.0, 0.0, 0.363636363636
1529523688.49919, 0.0, 0.0454545454545, 0.6, 0.0, 0.0, 0.363636363636
1529523688.70719, 0.0, 0.0454545454545, 0.6, 0.0, 0.0, 0.363636363636
1529523688.8671901, 0.0, 0.0454545454545, 0.6, 0.0, 0.0, 0.363636363636
1529523689.08819, 0.0, 0.0454545454545, 0.6, 0.0, 0.0, 0.363636363636
1529523689.37419, 0.0, 0.0454545454545, 0.6, 0.0, 0.0, 0.363636363636
1529523689.58519, 0.0, 0.0454545454545, 0.6, 0.0, 0.0, 0.363636363636
1529523689.73919, 0.0, 0.0454545454545, 0.6, 0.0, 0.0, 0.363636363636
1529523689.92019, 0.0, 0.0454545454545, 0.6, 0.0, 0.0, 0.363636363636
1529523690.14719, 0.0, 0.0454545454545, 0.6, 0.0, 0.0, 0.363636363636
1529523690.3801901, 0.0, 0.0454545454545, 0.6, 0.0, 0.0, 0.363636363636
1529523690.5471902, 0.0, 0.0454545454545, 0.6, 0.0, 0.0, 0.363636363636
1529523690.74319, 0.0, 0.0454545454545, 0.6, 0.0, 0.0, 0.363636363636
1529523690.9551902, 0.0, 0.0454545454545, 0.6, 0.0, 0.0, 0.363636363636
1529523691.1301901, 0.0, 0.0454545454545, 0.6, 0.0, 0.0, 0.454545454545
1529523691.3341901, 0.0, 0.0454545454545, 0.6, 0.0, 0.0, 0.545454545455
1529523691.59519, 0.0, 0.0454545454545, 0.6, 0.0, 0.0, 0.454545454545
1529523691.76619, 0.0, 0.0454545454545, 0.6, 0.0, 0.0, 0.454545454545
1529523691.98619, 0.0, 0.0454545454545, 0.6, 0.0, 0.0, 0.363636363636
1529523692.22019, 0.0, 0.0454545454545, 0.6, 0.0, 0.0, 0.363636363636
1529523692.4281902, 0.0, 0.0454545454545, 0.6, 0.0, 0.0, 0.363636363636
1529523692.6531901, 0.0, 0.0454545454545, 0.6, 0.0, 0.0, 0.272727272727
1529523692.88119, 0.0, 0.0454545454545, 0.6, 0.0, 0.0, 0.272727272727
1529523693.0411901, 0.0, 0.0454545454545, 0.6, 0.0, 0.0, 0.181818181818
1529523693.3131902, 0.0, 0.0454545454545, 0.6, 0.0, 0.0, 0.272727272727
1529523693.5561903, 0.0, 0.0454545454545, 0.6, 0.0, 0.0, 0.272727272727
1529523693.7911901, 0.0, 0.0454545454545, 0.6, 0.0, 0.0, 0.272727272727
1529523694.0151901, 0.0, 0.0454545454545, 0.6, 0.0, 0.0, 0.454545454545
1529523694.2471902, 0.0, 0.0454545454545, 0.6, 0.0, 0.0, 0.0909090909091
1529523694.3801901, 0.0, 0.0454545454545, 0.6, 0.0, 0.0, 0.0909090909091
1529523694.5971901, 0.0, 0.0454545454545, 0.6, 0.0, 0.0, 0.0909090909091
1529523694.84219, 0.0, 0.0454545454545, 0.6, 0.0, 0.0, 0.0909090909091
1529523695.07119, 0.0, 0.0454545454545, 0.6, 0.0, 0.0, 0.272727272727
1529523695.3011901, 0.0, 0.0454545454545, 0.6, 0.0, 0.0, 0.272727272727
1529523695.5271902, 0.0, 0.0454545454545, 0.6, 0.0, 0.0, 0.272727272727
1529523695.7741902, 0.0, 0.0454545454545, 0.6, 0.0, 0.0, 0.272727272727
1529523696.0241902, 0.0, 0.0454545454545, 0.6, 0.0, 0.1, 0.181818181818
1529523696.2371902, 0.0, 0.0454545454545, 0.6, 0.0, 0.0, 0.181818181818
1529523696.4081903, 0.0, 0.0454545454545, 0.6, 0.0, 0.0, 0.0909090909091
1529523696.60819, 0.0, 0.0454545454545, 0.6, 0.0, 0.0, 0.0909090909091
1529523696.7611902, 0.0, 0.0454545454545, 0.6, 0.0, 0.0, 0.0
1529523696.9951901, 0.0, 0.0454545454545, 0.6, 0.0, 0.0, 0.0
1529523697.1691902, 0.0, 0.0454545454545, 0.6, 0.0, 0.0, 0.0
1529523697.4481902, 0.0, 0.0454545454545, 0.6, 0.0, 0.0, 0.0
1529523697.6561902, 0.0, 0.0454545454545, 0.6, 0.0, 0.0, 0.363636363636
1529523697.87819, 0.0, 0.0454545454545, 0.6, 0.0, 0.0, 0.363636363636
1529523697.99619, 0.0, 0.0454545454545, 0.6, 0.0, 0.0, 0.454545454545
1529523698.1751902, 0.0, 0.0454545454545, 0.6, 0.0, 0.1, 0.454545454545
1529523698.32819, 0.0, 0.0454545454545, 0.6, 0.0, 0.1, 0.454545454545
1529523698.48319, 0.0, 0.0454545454545, 0.6, 0.210526315789, 0.0, 0.545454545455
1529523698.63419, 0.0, 0.0454545454545, 0.6, 0.210526315789, 0.0, 0.545454545455
1529523698.8131902, 0.0, 0.0454545454545, 0.6, 0.210526315789, 0.0, 0.636363636364
1529523699.0571902, 0.0, 0.0454545454545, 0.6, 0.210526315789, 0.0, 0.545454545455
1529523699.2351902, 0.0, 0.0454545454545, 0.6, 0.263157894737, 0.0, 0.636363636364
1529523699.4251902, 0.0, 0.0454545454545, 0.6, 0.263157894737, 0.0, 0.545454545455
1529523699.6621902, 0.0, 0.0454545454545, 0.6, 0.210526315789, 0.0, 0.636363636364
1529523699.8041902, 0.0, 0.0454545454545, 0.6, 0.0, 0.0, 0.636363636364
1529523699.95019, 0.0, 0.0454545454545, 0.6, 0.0, 0.0, 0.636363636364
1529523700.19619, 0.0, 0.0454545454545, 0.6, 0.0, 0.0, 0.636363636364
1529523700.3501902, 0.0, 0.0454545454545, 0.6, 0.0, 0.0, 0.636363636364
1529523700.5961902, 0.0, 0.0454545454545, 0.6, 0.0, 0.0, 0.636363636364
1529523700.8621902, 0.0, 0.0454545454545, 0.6, 0.0, 0.05, 0.454545454545
1529523701.07819, 0.0, 0.0454545454545, 0.6, 0.0, 0.05, 0.363636363636
1529523701.27519, 0.0, 0.0454545454545, 0.6, 0.0, 0.05, 0.363636363636
1529523701.4251902, 0.0, 0.0454545454545, 0.6, 0.0, 0.1, 0.363636363636
1529523701.5641901, 0.0, 0.0454545454545, 0.6, 0.0526315789474, 0.1, 0.363636363636
1529523701.6811903, 0.0, 0.0454545454545, 0.6, 0.0526315789474, 0.1, 0.272727272727
1529523701.8891902, 0.0, 0.0454545454545, 0.6, 0.0526315789474, 0.1, 0.181818181818
1529523702.02219, 0.0, 0.0454545454545, 0.55, 0.0526315789474, 0.2, 0.0
1529523702.1721902, 0.0, 0.0454545454545, 0.55, 0.0526315789474, 0.3, 0.0
1529523702.4881902, 0.0, 0.0454545454545, 0.65, 0.0526315789474, 0.25, 0.0
1529523702.76919, 0.0, 0.0454545454545, 0.55, 0.0526315789474, 0.3, 0.181818181818
1529523702.9771903, 0.0, 0.0454545454545, 0.45, 0.0526315789474, 0.3, 0.181818181818
1529523703.22319, 0.0, 0.0454545454545, 0.45, 0.0526315789474, 0.25, 0.363636363636
1529523703.4711902, 0.0, 0.0454545454545, 0.45, 0.0526315789474, 0.25, 0.0909090909091
1529523703.6811903, 0.0, 0.0454545454545, 0.45, 0.0, 0.3, 0.0
1529523703.9391901, 0.0, 0.0454545454545, 0.45, 0.0, 0.25, 0.0
1529523704.1161902, 0.0, 0.0454545454545, 0.45, 0.0, 0.25, 0.0
1529523704.4311903, 0.0, 0.0454545454545, 0.45, 0.0, 0.15, 0.181818181818
1529523704.5901902, 0.0, 0.0454545454545, 0.45, 0.0, 0.1, 0.363636363636
1529523704.7871902, 0.0, 0.0454545454545, 0.45, 0.0, 0.05, 0.363636363636
1529523705.07819, 0.0, 0.0454545454545, 0.45, 0.0, 0.0, 0.454545454545
1529523705.2971902, 0.0, 0.0454545454545, 0.45, 0.0526315789474, 0.0, 0.363636363636
1529523705.4711902, 0.0, 0.0454545454545, 0.45, 0.157894736842, 0.0, 0.454545454545
1529523705.6991901, 0.0, 0.0454545454545, 0.45, 0.0526315789474, 0.0, 0.272727272727
1529523705.9251902, 0.0, 0.0454545454545, 0.45, 0.0526315789474, 0.0, 0.181818181818
1529523706.0991902, 0.0, 0.0454545454545, 0.45, 0.0526315789474, 0.0, 0.181818181818
1529523706.3141901, 0.0, 0.0454545454545, 0.45, 0.0526315789474, 0.0, 0.545454545455
1529523706.4951901, 0.0, 0.0454545454545, 0.45, 0.105263157895, 0.0, 0.545454545455
1529523706.65419, 0.0, 0.0454545454545, 0.45, 0.157894736842, 0.0, 0.454545454545
1529523706.84119, 0.0, 0.0454545454545, 0.45, 0.157894736842, 0.05, 0.454545454545
1529523707.07819, 0.0, 0.0454545454545, 0.45, 0.157894736842, 0.15, 0.272727272727
1529523707.2321901, 0.0, 0.0454545454545, 0.45, 0.157894736842, 0.1, 0.181818181818
1529523707.3801901, 0.0, 0.0454545454545, 0.45, 0.157894736842, 0.0, 0.181818181818
1529523707.5791903, 0.0, 0.0454545454545, 0.45, 0.157894736842, 0.0, 0.181818181818
1529523707.7481902, 0.0, 0.0454545454545, 0.45, 0.157894736842, 0.0, 0.0
1529523707.87419, 0.0, 0.0454545454545, 0.45, 0.105263157895, 0.0, 0.0
1529523708.04219, 0.0, 0.0454545454545, 0.45, 0.105263157895, 0.0, 0.0
1529523708.2241902, 0.0, 0.0454545454545, 0.45, 0.105263157895, 0.0, 0.0
1529523708.3851902, 0.0, 0.0454545454545, 0.45, 0.105263157895, 0.0, 0.0
1529523708.6121902, 0.0, 0.0454545454545, 0.45, 0.105263157895, 0.0, 0.0
1529523708.8061903, 0.0, 0.0454545454545, 0.45, 0.105263157895, 0.0, 0.0
1529523708.99319, 0.0, 0.0454545454545, 0.45, 0.105263157895, 0.0, 0.0
1529523709.22019, 0.0, 0.0454545454545, 0.45, 0.105263157895, 0.0, 0.272727272727
1529523709.4191902, 0.0, 0.0454545454545, 0.45, 0.105263157895, 0.1, 0.454545454545
1529523709.5941901, 0.0, 0.0454545454545, 0.45, 0.105263157895, 0.15, 0.454545454545
1529523709.77219, 0.0, 0.0454545454545, 0.45, 0.105263157895, 0.15, 0.454545454545
1529523709.96719, 0.0, 0.0454545454545, 0.45, 0.105263157895, 0.1, 0.454545454545
1529523710.2471902, 0.0, 0.136363636364, 0.45, 0.105263157895, 0.1, 0.272727272727
1529523710.5011902, 0.0, 0.136363636364, 0.45, 0.105263157895, 0.05, 0.272727272727
1529523710.6821902, 0.0, 0.136363636364, 0.45, 0.105263157895, 0.0, 0.181818181818
1529523710.8661902, 0.0, 0.136363636364, 0.45, 0.105263157895, 0.05, 0.0909090909091
1529523710.98019, 0.0, 0.0454545454545, 0.45, 0.105263157895, 0.1, 0.0
1529523711.14719, 0.0, 0.0454545454545, 0.45, 0.105263157895, 0.1, 0.0
1529523711.31919, 0.0, 0.0454545454545, 0.45, 0.105263157895, 0.2, 0.363636363636
1529523711.47919, 0.0, 0.0454545454545, 0.45, 0.105263157895, 0.2, 0.363636363636
1529523711.7221901, 0.0, 0.0454545454545, 0.45, 0.105263157895, 0.05, 0.454545454545
1529523711.9091902, 0.0, 0.0454545454545, 0.45, 0.105263157895, 0.05, 0.363636363636
1529523712.1261902, 0.0, 0.0454545454545, 0.45, 0.105263157895, 0.0, 0.363636363636
1529523712.3951902, 0.0, 0.0454545454545, 0.45, 0.105263157895, 0.0, 0.272727272727
1529523712.6201901, 0.0, 0.0454545454545, 0.45, 0.105263157895, 0.0, 0.272727272727
1529523712.7901902, 0.0, 0.0454545454545, 0.45, 0.105263157895, 0.0, 0.181818181818
1529523713.00219, 0.0, 0.0454545454545, 0.45, 0.105263157895, 0.0, 0.181818181818
1529523713.1491902, 0.0, 0.0454545454545, 0.45, 0.105263157895, 0.05, 0.363636363636
1529523713.3131902, 0.0, 0.0454545454545, 0.45, 0.105263157895, 0.1, 0.363636363636
1529523713.5081902, 0.0, 0.0454545454545, 0.45, 0.105263157895, 0.0, 0.363636363636
1529523713.7141902, 0.0, 0.0454545454545, 0.45, 0.105263157895, 0.0, 0.454545454545
1529523713.9091902, 0.0, 0.0909090909091, 0.45, 0.105263157895, 0.0, 0.454545454545
1529523714.1071901, 0.0, 0.0909090909091, 0.45, 0.105263157895, 0.0, 0.454545454545
1529523714.3521903, 0.0, 0.0909090909091, 0.45, 0.105263157895, 0.05, 0.272727272727
1529523714.58119, 0.0, 0.0909090909091, 0.45, 0.105263157895, 0.05, 0.272727272727
1529523714.7281902, 0.0, 0.0909090909091, 0.45, 0.105263157895, 0.1, 0.272727272727
1529523714.9151902, 0.0, 0.0909090909091, 0.45, 0.157894736842, 0.0, 0.363636363636
1529523715.0891902, 0.0, 0.0454545454545, 0.45, 0.105263157895, 0.0, 0.272727272727
1529523715.3001902, 0.0, 0.0454545454545, 0.4, 0.105263157895, 0.0, 0.272727272727
1529523715.5071902, 0.0, 0.0454545454545, 0.4, 0.105263157895, 0.0, 0.363636363636
1529523715.7541902, 0.0, 0.0454545454545, 0.4, 0.105263157895, 0.0, 0.181818181818
1529523715.9911902, 0.0, 0.0454545454545, 0.4, 0.105263157895, 0.0, 0.181818181818
1529523716.2211902, 0.0, 0.0454545454545, 0.4, 0.105263157895, 0.0, 0.0909090909091
1529523716.4621902, 0.0, 0.0454545454545, 0.4, 0.105263157895, 0.0, 0.0909090909091
1529523716.7011902, 0.0, 0.0454545454545, 0.4, 0.105263157895, 0.05, 0.0909090909091
1529523716.9421902, 0.0, 0.0454545454545, 0.4, 0.105263157895, 0.05, 0.181818181818
1529523717.08819, 0.0, 0.0454545454545, 0.4, 0.157894736842, 0.1, 0.454545454545
1529523717.2381902, 0.0, 0.0454545454545, 0.4, 0.157894736842, 0.0, 0.454545454545
1529523717.3751903, 0.0, 0.0454545454545, 0.4, 0.157894736842, 0.0, 0.454545454545
1529523717.5871902, 0.0, 0.0454545454545, 0.4, 0.157894736842, 0.0, 0.454545454545
1529523717.7781901, 0.0, 0.0454545454545, 0.4, 0.210526315789, 0.0, 0.454545454545
1529523717.99619, 0.0, 0.0454545454545, 0.4, 0.210526315789, 0.05, 0.272727272727
1529523718.1481903, 0.0, 0.0909090909091, 0.4, 0.210526315789, 0.05, 0.181818181818
1529523718.3601902, 0.0, 0.136363636364, 0.4, 0.210526315789, 0.15, 0.181818181818
1529523718.5371902, 0.0, 0.0909090909091, 0.4, 0.210526315789, 0.0, 0.181818181818
1529523718.6851902, 0.0, 0.0454545454545, 0.4, 0.210526315789, 0.0, 0.181818181818
1529523718.8501902, 0.0, 0.0454545454545, 0.4, 0.210526315789, 0.0, 0.181818181818
1529523719.0271902, 0.0, 0.0454545454545, 0.4, 0.263157894737, 0.0, 0.181818181818
1529523719.3831902, 0.0, 0.0454545454545, 0.4, 0.210526315789, 0.0, 0.0
1529523719.6891901, 0.0, 0.0454545454545, 0.4, 0.210526315789, 0.0, 0.0
1529523719.8721902, 0.0, 0.0454545454545, 0.4, 0.210526315789, 0.0, 0.0
1529523720.06819, 0.0, 0.0454545454545, 0.35, 0.263157894737, 0.0, 0.0
1529523720.22319, 0.0, 0.0454545454545, 0.35, 0.210526315789, 0.0, 0.0
1529523720.4031901, 0.0, 0.0454545454545, 0.35, 0.210526315789, 0.0, 0.0
1529523720.5701902, 0.0, 0.0454545454545, 0.35, 0.210526315789, 0.0, 0.0
1529523720.6861901, 0.0, 0.0454545454545, 0.35, 0.210526315789, 0.0, 0.0
1529523720.9221902, 0.0, 0.0454545454545, 0.35, 0.210526315789, 0.0, 0.0
1529523721.1021903, 0.0, 0.0454545454545, 0.35, 0.210526315789, 0.0, 0.0
1529523721.2871902, 0.0, 0.0454545454545, 0.35, 0.210526315789, 0.0, 0.0
1529523721.5561903, 0.0, 0.0454545454545, 0.35, 0.210526315789, 0.0, 0.0
1529523721.71019, 0.0, 0.0454545454545, 0.35, 0.210526315789, 0.0, 0.272727272727
1529523721.88419, 0.0, 0.0454545454545, 0.4, 0.210526315789, 0.0, 0.272727272727
1529523722.0631902, 0.0, 0.0454545454545, 0.45, 0.210526315789, 0.0, 0.272727272727
1529523722.31219, 0.0, 0.0454545454545, 0.45, 0.210526315789, 0.0, 0.454545454545
1529523722.5571902, 0.0, 0.0454545454545, 0.4, 0.210526315789, 0.0, 0.272727272727
1529523722.76319, 0.0, 0.0454545454545, 0.4, 0.210526315789, 0.0, 0.0909090909091
1529523723.0561903, 0.0, 0.0454545454545, 0.4, 0.210526315789, 0.0, 0.272727272727
1529523723.2051902, 0.0833333333333, 0.0454545454545, 0.4, 0.210526315789, 0.0, 0.272727272727
1529523723.39719, 0.0833333333333, 0.0454545454545, 0.4, 0.210526315789, 0.0, 0.272727272727
1529523723.6431901, 0.0833333333333, 0.0454545454545, 0.4, 0.210526315789, 0.0, 0.272727272727
1529523723.9031901, 0.0, 0.0454545454545, 0.4, 0.210526315789, 0.0, 0.0909090909091
1529523724.15019, 0.0, 0.0454545454545, 0.4, 0.210526315789, 0.0, 0.0909090909091
1529523724.37119, 0.0, 0.0454545454545, 0.4, 0.210526315789, 0.0, 0.0909090909091
1529523724.54819, 0.0, 0.0454545454545, 0.4, 0.263157894737, 0.0, 0.0909090909091
1529523724.71019, 0.0, 0.0454545454545, 0.4, 0.263157894737, 0.0, 0.0909090909091
1529523724.9181902, 0.0, 0.0454545454545, 0.4, 0.263157894737, 0.0, 0.0909090909091
1529523725.14419, 0.0, 0.0454545454545, 0.4, 0.263157894737, 0.0, 0.0
1529523725.37119, 0.0, 0.0454545454545, 0.4, 0.263157894737, 0.0, 0.0
1529523725.6191902, 0.0, 0.0454545454545, 0.4, 0.263157894737, 0.0, 0.0
1529523725.8391902, 0.0, 0.0454545454545, 0.4, 0.263157894737, 0.0, 0.0
1529523725.9921901, 0.0, 0.0454545454545, 0.4, 0.263157894737, 0.0, 0.0
1529523726.1791902, 0.0, 0.0454545454545, 0.4, 0.263157894737, 0.0, 0.0
1529523726.30819, 0.0, 0.0454545454545, 0.4, 0.263157894737, 0.0, 0.0
1529523726.44619, 0.0, 0.0454545454545, 0.4, 0.210526315789, 0.0, 0.0
1529523726.5861902, 0.0, 0.0454545454545, 0.4, 0.210526315789, 0.0, 0.0
1529523726.7971902, 0.0, 0.0454545454545, 0.4, 0.210526315789, 0.0, 0.0
1529523727.0311902, 0.0, 0.0454545454545, 0.4, 0.210526315789, 0.0, 0.0
1529523727.2641902, 0.0, 0.0454545454545, 0.4, 0.210526315789, 0.0, 0.0
1529523727.4381902, 0.0, 0.0454545454545, 0.4, 0.210526315789, 0.0, 0.0
1529523727.58119, 0.0, 0.0454545454545, 0.4, 0.210526315789, 0.0, 0.0
1529523727.82819, 0.0, 0.0454545454545, 0.4, 0.210526315789, 0.0, 0.0
1529523728.0531902, 0.0, 0.0454545454545, 0.4, 0.210526315789, 0.0, 0.0
1529523728.2651901, 0.0, 0.0454545454545, 0.4, 0.210526315789, 0.0, 0.0
1529523728.46319, 0.0, 0.0454545454545, 0.4, 0.210526315789, 0.0, 0.0
1529523728.69319, 0.0, 0.0454545454545, 0.4, 0.263157894737, 0.0, 0.181818181818
1529523728.86519, 0.0, 0.0454545454545, 0.4, 0.210526315789, 0.0, 0.181818181818
1529523729.1581903, 0.0, 0.0454545454545, 0.35, 0.210526315789, 0.0, 0.181818181818
1529523729.3761902, 0.0, 0.0454545454545, 0.4, 0.210526315789, 0.0, 0.181818181818
1529523729.5731902, 0.0, 0.0454545454545, 0.4, 0.210526315789, 0.0, 0.0
1529523729.7671902, 0.0, 0.136363636364, 0.4, 0.210526315789, 0.05, 0.0
1529523729.9381902, 0.0, 0.136363636364, 0.45, 0.210526315789, 0.0, 0.0
1529523730.0801902, 0.0, 0.136363636364, 0.4, 0.210526315789, 0.0, 0.0
1529523730.28919, 0.0, 0.0909090909091, 0.4, 0.210526315789, 0.0, 0.0
1529523730.5181901, 0.0, 0.0454545454545, 0.35, 0.210526315789, 0.0, 0.0
1529523730.7421901, 0.0, 0.0454545454545, 0.35, 0.210526315789, 0.0, 0.0
1529523730.8981903, 0.0, 0.0909090909091, 0.35, 0.210526315789, 0.0, 0.0
1529523731.10519, 0.0, 0.0909090909091, 0.35, 0.210526315789, 0.0, 0.363636363636
1529523731.27219, 0.0, 0.0454545454545, 0.35, 0.210526315789, 0.0, 0.454545454545
1529523731.48619, 0.0, 0.0454545454545, 0.35, 0.210526315789, 0.0, 0.454545454545
1529523731.6531901, 0.0, 0.0454545454545, 0.35, 0.210526315789, 0.0, 0.454545454545
1529523731.8261902, 0.0, 0.0454545454545, 0.35, 0.210526315789, 0.0, 0.454545454545
1529523732.01319, 0.0, 0.136363636364, 0.35, 0.210526315789, 0.0, 0.454545454545
1529523732.16119, 0.0, 0.136363636364, 0.35, 0.210526315789, 0.0, 0.454545454545
1529523732.3361902, 0.0, 0.136363636364, 0.35, 0.210526315789, 0.0, 0.454545454545
1529523732.5961902, 0.0, 0.227272727273, 0.35, 0.157894736842, 0.0, 0.454545454545
1529523732.7601902, 0.0, 0.227272727273, 0.35, 0.157894736842, 0.0, 0.454545454545
1529523733.00619, 0.0, 0.318181818182, 0.35, 0.210526315789, 0.05, 0.454545454545
1529523733.24619, 0.0, 0.272727272727, 0.35, 0.210526315789, 0.05, 0.454545454545
1529523733.4771903, 0.0, 0.272727272727, 0.35, 0.105263157895, 0.0, 0.454545454545
1529523733.7251902, 0.0, 0.272727272727, 0.35, 0.0526315789474, 0.0, 0.454545454545
1529523733.9391901, 0.0, 0.227272727273, 0.35, 0.0526315789474, 0.0, 0.454545454545
1529523734.18719, 0.0, 0.227272727273, 0.35, 0.0, 0.0, 0.454545454545
1529523734.4191902, 0.0, 0.227272727273, 0.35, 0.0, 0.0, 0.454545454545
1529523734.6331902, 0.0, 0.181818181818, 0.35, 0.105263157895, 0.0, 0.454545454545
1529523734.7701902, 0.0, 0.227272727273, 0.35, 0.105263157895, 0.0, 0.454545454545
1529523734.9881902, 0.0, 0.227272727273, 0.35, 0.157894736842, 0.0, 0.454545454545
1529523735.14719, 0.0, 0.272727272727, 0.35, 0.157894736842, 0.0, 0.454545454545
1529523735.3471901, 0.0, 0.318181818182, 0.35, 0.157894736842, 0.0, 0.454545454545
1529523735.64119, 0.0, 0.272727272727, 0.35, 0.157894736842, 0.0, 0.454545454545
1529523736.0181901, 0.0, 0.272727272727, 0.35, 0.210526315789, 0.0, 0.454545454545
1529523736.51919, 0.0, 0.272727272727, 0.4, 0.263157894737, 0.0, 0.727272727273
1529523736.7601902, 0.0, 0.272727272727, 0.4, 0.210526315789, 0.0, 0.909090909091
1529523737.0071902, 0.0, 0.363636363636, 0.35, 0.210526315789, 0.0, 0.909090909091
1529523737.24019, 0.0, 0.363636363636, 0.35, 0.210526315789, 0.05, 0.909090909091
1529523737.42719, 0.0, 0.363636363636, 0.35, 0.210526315789, 0.05, 0.909090909091
1529523737.57519, 0.0, 0.272727272727, 0.35, 0.210526315789, 0.15, 0.909090909091
1529523737.8011901, 0.0, 0.227272727273, 0.35, 0.210526315789, 0.0, 0.909090909091
1529523737.9711902, 0.0, 0.227272727273, 0.35, 0.210526315789, 0.1, 0.909090909091
1529523738.2281902, 0.0, 0.227272727273, 0.35, 0.210526315789, 0.1, 0.909090909091
1529523738.4951901, 0.0, 0.227272727273, 0.35, 0.421052631579, 0.2, 0.909090909091
1529523738.7651901, 0.0, 0.272727272727, 0.35, 0.421052631579, 0.0, 0.909090909091
1529523739.0371902, 0.0, 0.227272727273, 0.35, 0.421052631579, 0.0, 0.909090909091
1529523739.2241902, 0.0, 0.227272727273, 0.35, 0.421052631579, 0.05, 0.909090909091
1529523739.4361901, 0.0, 0.227272727273, 0.35, 0.421052631579, 0.05, 0.909090909091
1529523739.68319, 0.0, 0.227272727273, 0.35, 0.421052631579, 0.05, 0.909090909091
1529523739.9351902, 0.0, 0.227272727273, 0.4, 0.421052631579, 0.05, 0.909090909091
1529523740.12819, 0.0, 0.227272727273, 0.35, 0.368421052632, 0.0, 0.909090909091
1529523740.42119, 0.0, 0.227272727273, 0.35, 0.368421052632, 0.0, 0.909090909091
1529523740.6521902, 0.0, 0.181818181818, 0.35, 0.315789473684, 0.0, 0.909090909091
1529523740.9551902, 0.0, 0.0909090909091, 0.35, 0.210526315789, 0.0, 0.909090909091
1529523741.2441902, 0.0, 0.181818181818, 0.35, 0.210526315789, 0.0, 0.909090909091
1529523741.4551902, 0.0, 0.272727272727, 0.35, 0.210526315789, 0.05, 0.909090909091
1529523741.8441901, 0.0, 0.272727272727, 0.35, 0.210526315789, 0.05, 0.909090909091
1529523742.20319, 0.0, 0.272727272727, 0.35, 0.210526315789, 0.05, 0.909090909091
1529523742.4251902, 0.0, 0.272727272727, 0.35, 0.210526315789, 0.05, 0.909090909091
1529523742.60419, 0.0, 0.272727272727, 0.35, 0.210526315789, 0.05, 0.909090909091
1529523742.8031902, 0.0, 0.272727272727, 0.4, 0.210526315789, 0.0, 0.909090909091
1529523742.97619, 0.0, 0.272727272727, 0.4, 0.210526315789, 0.0, 0.909090909091
1529523743.1231902, 0.0, 0.227272727273, 0.5, 0.210526315789, 0.05, 0.909090909091
1529523743.32219, 0.0, 0.227272727273, 0.45, 0.210526315789, 0.3, 0.909090909091
1529523743.5631902, 0.0, 0.181818181818, 0.4, 0.210526315789, 0.2, 0.909090909091
1529523743.8011901, 0.0, 0.181818181818, 0.4, 0.210526315789, 0.05, 0.909090909091
1529523743.96319, 0.0, 0.0909090909091, 0.4, 0.157894736842, 0.0, 0.909090909091
1529523744.0831902, 0.0, 0.0454545454545, 0.4, 0.210526315789, 0.0, 0.909090909091
1529523744.29219, 0.0, 0.0454545454545, 0.4, 0.157894736842, 0.0, 0.909090909091
1529523744.47619, 0.0, 0.0, 0.4, 0.157894736842, 0.0, 0.909090909091
1529523744.69319, 0.0, 0.0, 0.4, 0.157894736842, 0.0, 0.909090909091
1529523744.90419, 0.0, 0.181818181818, 0.45, 0.157894736842, 0.0, 0.909090909091
1529523745.12419, 0.0, 0.227272727273, 0.45, 0.157894736842, 0.0, 0.909090909091
1529523745.3501902, 0.0, 0.272727272727, 0.4, 0.157894736842, 0.0, 0.909090909091
1529523745.5641901, 0.0, 0.318181818182, 0.4, 0.157894736842, 0.0, 0.909090909091
1529523745.7911901, 0.0, 0.272727272727, 0.35, 0.157894736842, 0.0, 0.909090909091
1529523746.0171902, 0.0, 0.272727272727, 0.35, 0.157894736842, 0.0, 0.909090909091
1529523746.2451901, 0.0, 0.272727272727, 0.4, 0.210526315789, 0.05, 0.909090909091
1529523746.4581902, 0.0, 0.272727272727, 0.35, 0.263157894737, 0.0, 0.909090909091
1529523746.68319, 0.0, 0.227272727273, 0.35, 0.263157894737, 0.0, 0.909090909091
1529523746.8171902, 0.0, 0.181818181818, 0.35, 0.263157894737, 0.0, 0.909090909091
1529523746.96019, 0.0, 0.181818181818, 0.35, 0.263157894737, 0.05, 0.909090909091
1529523747.2811902, 0.0, 0.181818181818, 0.35, 0.263157894737, 0.2, 0.909090909091
1529523747.53619, 0.0, 0.181818181818, 0.35, 0.315789473684, 0.2, 0.909090909091
1529523748.0001903, 0.0, 0.181818181818, 0.35, 0.315789473684, 0.3, 0.909090909091
1529523748.17419, 0.0, 0.227272727273, 0.45, 0.315789473684, 0.3, 0.909090909091
1529523748.4451902, 0.0, 0.227272727273, 0.35, 0.315789473684, 0.25, 0.909090909091
1529523748.6851902, 0.0, 0.272727272727, 0.5, 0.315789473684, 0.2, 0.909090909091
1529523748.80519, 0.0, 0.227272727273, 0.45, 0.263157894737, 0.15, 0.909090909091
1529523749.0381901, 0.0, 0.181818181818, 0.3, 0.263157894737, 0.25, 0.909090909091
1529523749.2971902, 0.0, 0.181818181818, 0.3, 0.210526315789, 0.1, 0.909090909091
1529523749.55219, 0.0, 0.181818181818, 0.3, 0.157894736842, 0.1, 0.909090909091
1529523749.8461902, 0.0, 0.181818181818, 0.3, 0.210526315789, 0.15, 0.909090909091
1529523750.05819, 0.0, 0.227272727273, 0.3, 0.210526315789, 0.05, 0.909090909091
1529523750.3101902, 0.0, 0.227272727273, 0.3, 0.210526315789, 0.0, 0.909090909091
1529523750.6661901, 0.0, 0.227272727273, 0.3, 0.210526315789, 0.0, 0.909090909091
1529523750.96719, 0.0, 0.227272727273, 0.35, 0.210526315789, 0.0, 0.909090909091
1529523751.1891901, 0.0, 0.227272727273, 0.3, 0.210526315789, 0.0, 0.909090909091
1529523751.4121902, 0.0, 0.227272727273, 0.45, 0.210526315789, 0.1, 0.909090909091
1529523751.7931902, 0.0, 0.227272727273, 0.4, 0.210526315789, 0.1, 0.909090909091
1529523751.98019, 0.0, 0.136363636364, 0.4, 0.157894736842, 0.1, 0.909090909091
1529523752.34519, 0.0, 0.181818181818, 0.4, 0.157894736842, 0.1, 0.909090909091
1529523752.6061902, 0.0, 0.227272727273, 0.45, 0.157894736842, 0.05, 0.909090909091
1529523752.8071902, 0.0, 0.181818181818, 0.65, 0.157894736842, 0.05, 0.909090909091
1529523753.05919, 0.0, 0.136363636364, 0.5, 0.157894736842, 0.0, 0.909090909091
1529523753.3861902, 0.0, 0.181818181818, 0.35, 0.157894736842, 0.0, 0.909090909091
1529523753.56219, 0.0, 0.227272727273, 0.35, 0.210526315789, 0.0, 0.909090909091
1529523754.0701902, 0.0, 0.227272727273, 0.25, 0.210526315789, 0.1, 0.909090909091
1529523754.4261901, 0.0, 0.227272727273, 0.25, 0.263157894737, 0.05, 0.909090909091
1529523754.8521903, 0.0, 0.227272727273, 0.25, 0.210526315789, 0.05, 0.909090909091
1529523755.0701902, 0.0, 0.227272727273, 0.25, 0.157894736842, 0.05, 0.909090909091
1529523755.67119, 0.0, 0.227272727273, 0.25, 0.157894736842, 0.1, 0.909090909091
1529523755.95619, 0.0, 0.181818181818, 0.25, 0.157894736842, 0.1, 0.909090909091
1529523756.4881902, 0.0, 0.181818181818, 0.3, 0.157894736842, 0.1, 0.909090909091
1529523757.1061902, 0.0, 0.181818181818, 0.25, 0.157894736842, 0.1, 0.909090909091
1529523757.31519, 0.0, 0.181818181818, 0.25, 0.157894736842, 0.3, 0.909090909091
1529523757.51919, 0.0, 0.181818181818, 0.25, 0.157894736842, 0.3, 0.818181818182
1529523757.8801901, 0.0, 0.181818181818, 0.25, 0.157894736842, 0.1, 0.727272727273
1529523758.10819, 0.0, 0.181818181818, 0.35, 0.157894736842, 0.1, 0.636363636364
1529523758.2941902, 0.0, 0.181818181818, 0.3, 0.157894736842, 0.15, 0.636363636364
1529523758.4511902, 0.0, 0.227272727273, 0.3, 0.157894736842, 0.15, 0.636363636364
1529523758.62419, 0.0, 0.227272727273, 0.3, 0.157894736842, 0.2, 0.636363636364
1529523758.8141901, 0.0, 0.227272727273, 0.3, 0.157894736842, 0.1, 0.636363636364
1529523759.0401902, 0.0, 0.227272727273, 0.3, 0.157894736842, 0.1, 0.636363636364
1529523759.19419, 0.0, 0.227272727273, 0.3, 0.157894736842, 0.1, 0.636363636364
1529523759.4061902, 0.0, 0.227272727273, 0.35, 0.157894736842, 0.1, 0.545454545455
1529523759.54619, 0.0, 0.227272727273, 0.35, 0.157894736842, 0.1, 0.545454545455
1529523759.7211902, 0.0, 0.227272727273, 0.35, 0.157894736842, 0.1, 0.545454545455
1529523759.8671901, 0.0, 0.227272727273, 0.3, 0.157894736842, 0.1, 0.545454545455
1529523760.04519, 0.0, 0.181818181818, 0.25, 0.157894736842, 0.1, 0.545454545455
1529523760.29219, 0.0, 0.181818181818, 0.25, 0.157894736842, 0.15, 0.545454545455
1529523760.4321902, 0.0, 0.181818181818, 0.25, 0.157894736842, 0.15, 0.545454545455
1529523760.6131902, 0.0, 0.0909090909091, 0.25, 0.157894736842, 0.2, 0.545454545455
1529523760.88819, 0.0, 0.0909090909091, 0.25, 0.157894736842, 0.2, 0.545454545455
1529523761.0661902, 0.0, 0.0909090909091, 0.25, 0.157894736842, 0.2, 0.545454545455
1529523761.2041903, 0.0, 0.0909090909091, 0.25, 0.157894736842, 0.15, 0.545454545455
1529523761.4411902, 0.0, 0.181818181818, 0.25, 0.157894736842, 0.2, 0.545454545455
1529523761.6101902, 0.0, 0.181818181818, 0.25, 0.157894736842, 0.2, 0.545454545455
1529523761.7811902, 0.0, 0.136363636364, 0.3, 0.157894736842, 0.2, 0.545454545455
1529523761.95019, 0.0, 0.0909090909091, 0.3, 0.157894736842, 0.15, 0.545454545455
1529523762.1911902, 0.0, 0.0909090909091, 0.45, 0.157894736842, 0.1, 0.545454545455
1529523762.3371902, 0.0, 0.0909090909091, 0.35, 0.157894736842, 0.1, 0.545454545455
1529523762.49319, 0.0, 0.0909090909091, 0.3, 0.157894736842, 0.1, 0.545454545455
1529523762.65019, 0.0, 0.0909090909091, 0.3, 0.157894736842, 0.1, 0.545454545455
1529523762.8261902, 0.0, 0.0909090909091, 0.4, 0.157894736842, 0.1, 0.545454545455
1529523763.0041902, 0.0, 0.0454545454545, 0.3, 0.157894736842, 0.1, 0.545454545455
1529523763.2111902, 0.0, 0.0, 0.35, 0.157894736842, 0.1, 0.545454545455
1529523763.3731902, 0.0, 0.0, 0.3, 0.157894736842, 0.15, 0.545454545455
1529523763.6001902, 0.0, 0.0, 0.3, 0.157894736842, 0.15, 0.545454545455
1529523763.8141901, 0.0, 0.0, 0.2, 0.157894736842, 0.15, 0.545454545455
1529523764.0641901, 0.0, 0.0, 0.05, 0.157894736842, 0.2, 0.545454545455
1529523764.3141901, 0.0, 0.0, 0.0, 0.157894736842, 0.05, 0.545454545455
1529523764.5071902, 0.0, 0.0, 0.0, 0.157894736842, 0.05, 0.545454545455
1529523764.6431901, 0.0, 0.0, 0.0, 0.157894736842, 0.05, 0.545454545455
1529523764.8041902, 0.0, 0.0, 0.0, 0.157894736842, 0.0, 0.545454545455
1529523765.0151901, 0.0, 0.0, 0.0, 0.157894736842, 0.0, 0.545454545455
1529523765.24019, 0.0, 0.0, 0.0, 0.157894736842, 0.0, 0.545454545455
1529523765.4511902, 0.0, 0.0, 0.0, 0.157894736842, 0.0, 0.545454545455
1529523765.61119, 0.0, 0.0, 0.0, 0.157894736842, 0.0, 0.545454545455
1529523765.74019, 0.0, 0.0, 0.0, 0.157894736842, 0.0, 0.545454545455
1529523765.8961902, 0.0, 0.0, 0.0, 0.157894736842, 0.0, 0.545454545455
1529523766.0331903, 0.0, 0.0, 0.0, 0.157894736842, 0.0, 0.545454545455
1529523766.26619, 0.0, 0.0, 0.0, 0.157894736842, 0.0, 0.545454545455
1529523766.48319, 0.0, 0.0, 0.0, 0.157894736842, 0.0, 0.545454545455
1529523766.6361902, 0.0, 0.0, 0.0, 0.157894736842, 0.0, 0.545454545455
1529523766.8011901, 0.0833333333333, 0.0, 0.0, 0.157894736842, 0.0, 0.545454545455
1529523766.9551902, 0.0833333333333, 0.0, 0.0, 0.157894736842, 0.0, 0.545454545455
1529523767.0941901, 0.166666666667, 0.0, 0.0, 0.157894736842, 0.0, 0.545454545455
1529523767.2741902, 0.0833333333333, 0.0, 0.0, 0.157894736842, 0.0, 0.545454545455
1529523767.41419, 0.0833333333333, 0.0, 0.0, 0.157894736842, 0.0, 0.545454545455
1529523767.6661901, 0.0833333333333, 0.0, 0.0, 0.157894736842, 0.0, 0.545454545455
1529523767.86419, 0.0833333333333, 0.0, 0.0, 0.157894736842, 0.0, 0.545454545455
1529523768.1191902, 0.0833333333333, 0.0, 0.0, 0.157894736842, 0.0, 0.545454545455
1529523768.2671902, 0.0, 0.0, 0.0, 0.157894736842, 0.0, 0.545454545455
1529523768.3851902, 0.0, 0.0, 0.0, 0.157894736842, 0.0, 0.545454545455
1529523768.5371902, 0.0, 0.0, 0.0, 0.157894736842, 0.0, 0.545454545455
1529523768.7571902, 0.0, 0.0, 0.0, 0.157894736842, 0.0, 0.545454545455
1529523768.9811902, 0.0, 0.0, 0.0, 0.157894736842, 0.0, 0.545454545455
1529523769.2041903, 0.0, 0.0, 0.0, 0.157894736842, 0.05, 0.545454545455
1529523769.3671901, 0.0, 0.0, 0.0, 0.157894736842, 0.05, 0.545454545455
1529523769.55919, 0.0, 0.0, 0.0, 0.157894736842, 0.15, 0.545454545455
1529523769.70719, 0.0, 0.0, 0.0, 0.368421052632, 0.0, 0.545454545455
1529523769.93419, 0.0, 0.0, 0.0, 0.368421052632, 0.0, 0.545454545455
1529523770.0761902, 0.0, 0.0909090909091, 0.0, 0.315789473684, 0.0, 0.545454545455
1529523770.2881901, 0.0, 0.272727272727, 0.0, 0.157894736842, 0.0, 0.545454545455
1529523770.4421902, 0.0, 0.272727272727, 0.0, 0.157894736842, 0.0, 0.545454545455
1529523770.58519, 0.0, 0.272727272727, 0.0, 0.157894736842, 0.0, 0.545454545455
1529523770.8231902, 0.0, 0.272727272727, 0.0, 0.157894736842, 0.0, 0.545454545455
1529523771.0271902, 0.0, 0.227272727273, 0.0, 0.157894736842, 0.0, 0.545454545455
1529523771.1531901, 0.0, 0.227272727273, 0.0, 0.157894736842, 0.0, 0.545454545455
1529523771.36519, 0.0, 0.227272727273, 0.0, 0.157894736842, 0.0, 0.545454545455
1529523771.55219, 0.0, 0.181818181818, 0.0, 0.157894736842, 0.0, 0.545454545455
1529523771.68419, 0.0, 0.181818181818, 0.0, 0.157894736842, 0.0, 0.545454545455
1529523771.8441901, 0.0, 0.181818181818, 0.0, 0.157894736842, 0.0, 0.545454545455
1529523772.01319, 0.0, 0.181818181818, 0.0, 0.157894736842, 0.0, 0.545454545455
1529523772.22619, 0.0, 0.181818181818, 0.0, 0.157894736842, 0.0, 0.545454545455
1529523772.42719, 0.0, 0.181818181818, 0.0, 0.157894736842, 0.0, 0.545454545455
1529523772.61519, 0.0, 0.181818181818, 0.0, 0.157894736842, 0.0, 0.545454545455
1529523772.8821902, 0.0, 0.181818181818, 0.0, 0.157894736842, 0.0, 0.545454545455
1529523773.1231902, 0.0, 0.227272727273, 0.0, 0.157894736842, 0.0, 0.545454545455
1529523773.3371902, 0.0, 0.227272727273, 0.0, 0.157894736842, 0.0, 0.545454545455
1529523773.5511901, 0.0, 0.227272727273, 0.0, 0.157894736842, 0.05, 0.545454545455
1529523773.7701902, 0.0, 0.227272727273, 0.0, 0.157894736842, 0.1, 0.545454545455
1529523773.9771903, 0.0, 0.181818181818, 0.0, 0.157894736842, 0.1, 0.545454545455
1529523774.14719, 0.0, 0.136363636364, 0.0, 0.157894736842, 0.1, 0.545454545455
1529523774.32519, 0.0, 0.136363636364, 0.0, 0.157894736842, 0.2, 0.545454545455
1529523774.5071902, 0.0, 0.136363636364, 0.0, 0.157894736842, 0.15, 0.545454545455
1529523774.67319, 0.0, 0.136363636364, 0.0, 0.157894736842, 0.1, 0.545454545455
1529523774.8141901, 0.0, 0.136363636364, 0.0, 0.157894736842, 0.1, 0.545454545455
1529523775.0101902, 0.0, 0.136363636364, 0.0, 0.157894736842, 0.05, 0.545454545455
1529523775.24319, 0.0, 0.136363636364, 0.0, 0.157894736842, 0.05, 0.545454545455
1529523775.44619, 0.0, 0.136363636364, 0.0, 0.157894736842, 0.05, 0.545454545455
1529523775.62119, 0.0, 0.136363636364, 0.0, 0.157894736842, 0.05, 0.545454545455
1529523775.83519, 0.0, 0.136363636364, 0.0, 0.157894736842, 0.05, 0.545454545455
1529523776.0861902, 0.0, 0.136363636364, 0.0, 0.157894736842, 0.0, 0.545454545455
1529523776.2901902, 0.0, 0.136363636364, 0.0, 0.157894736842, 0.0, 0.545454545455
1529523776.4681902, 0.0, 0.136363636364, 0.0, 0.157894736842, 0.0, 0.545454545455
1529523776.72319, 0.0, 0.136363636364, 0.0, 0.157894736842, 0.0, 0.545454545455
1529523776.94619, 0.0, 0.136363636364, 0.0, 0.157894736842, 0.0, 0.545454545455
1529523777.1301901, 0.0, 0.136363636364, 0.0, 0.157894736842, 0.0, 0.545454545455
1529523777.30819, 0.0, 0.136363636364, 0.0, 0.157894736842, 0.0, 0.545454545455
1529523777.44019, 0.0, 0.136363636364, 0.0, 0.157894736842, 0.0, 0.545454545455
1529523777.61519, 0.0, 0.136363636364, 0.0, 0.157894736842, 0.0, 0.545454545455
1529523777.76619, 0.0, 0.136363636364, 0.0, 0.157894736842, 0.1, 0.545454545455
1529523777.8981903, 0.0, 0.136363636364, 0.0, 0.157894736842, 0.0, 0.545454545455
1529523778.0071902, 0.0, 0.136363636364, 0.0, 0.157894736842, 0.0, 0.545454545455
1529523778.19419, 0.0, 0.136363636364, 0.0, 0.157894736842, 0.0, 0.545454545455
1529523778.33219, 0.0, 0.136363636364, 0.0, 0.157894736842, 0.0, 0.545454545455
1529523778.47919, 0.0, 0.136363636364, 0.0, 0.157894736842, 0.0, 0.545454545455
1529523778.6231902, 0.0, 0.136363636364, 0.0, 0.157894736842, 0.0, 0.545454545455
1529523778.7601902, 0.0, 0.136363636364, 0.0, 0.157894736842, 0.0, 0.545454545455
1529523779.00219, 0.0, 0.136363636364, 0.0, 0.157894736842, 0.0, 0.545454545455
1529523779.2311902, 0.0, 0.136363636364, 0.0, 0.157894736842, 0.0, 0.545454545455
1529523779.45319, 0.0, 0.136363636364, 0.0, 0.157894736842, 0.0, 0.545454545455
1529523779.6401901, 0.0, 0.136363636364, 0.0, 0.157894736842, 0.0, 0.545454545455
1529523779.7831903, 0.0, 0.136363636364, 0.0, 0.157894736842, 0.0, 0.545454545455
1529523779.95719, 0.0, 0.136363636364, 0.0, 0.157894736842, 0.0, 0.545454545455
1529523780.19419, 0.0, 0.136363636364, 0.0, 0.157894736842, 0.0, 0.545454545455
1529523780.43019, 0.0, 0.136363636364, 0.0, 0.157894736842, 0.0, 0.545454545455
1529523780.5991902, 0.0, 0.136363636364, 0.0, 0.157894736842, 0.0, 0.545454545455
1529523780.7601902, 0.0, 0.0909090909091, 0.0, 0.157894736842, 0.0, 0.545454545455
1529523780.8691902, 0.0, 0.0909090909091, 0.0, 0.157894736842, 0.0, 0.545454545455
1529523781.0901902, 0.0, 0.0454545454545, 0.0, 0.157894736842, 0.0, 0.545454545455
1529523781.2341902, 0.0, 0.136363636364, 0.0, 0.157894736842, 0.0, 0.545454545455
1529523781.36419, 0.0, 0.181818181818, 0.0, 0.157894736842, 0.0, 0.545454545455
1529523781.50919, 0.0, 0.136363636364, 0.0, 0.157894736842, 0.0, 0.545454545455
1529523781.73019, 0.0, 0.136363636364, 0.0, 0.157894736842, 0.0, 0.545454545455
1529523781.86419, 0.0, 0.136363636364, 0.0, 0.157894736842, 0.0, 0.545454545455
1529523782.0151901, 0.0, 0.136363636364, 0.0, 0.157894736842, 0.0, 0.545454545455
1529523782.1581903, 0.0, 0.136363636364, 0.0, 0.157894736842, 0.0, 0.545454545455
1529523782.2931902, 0.0, 0.136363636364, 0.0, 0.157894736842, 0.0, 0.545454545455
1529523782.4351902, 0.0, 0.136363636364, 0.0, 0.157894736842, 0.0, 0.545454545455
1529523782.61419, 0.0, 0.0909090909091, 0.0, 0.157894736842, 0.0, 0.545454545455
1529523782.7321901, 0.0, 0.0909090909091, 0.0, 0.157894736842, 0.0, 0.545454545455
1529523782.85819, 0.0, 0.0909090909091, 0.0, 0.157894736842, 0.0, 0.545454545455
1529523783.0831902, 0.0, 0.0909090909091, 0.0, 0.157894736842, 0.0, 0.545454545455
1529523783.20619, 0.0, 0.0909090909091, 0.0, 0.157894736842, 0.0, 0.545454545455
1529523783.3591902, 0.0, 0.0909090909091, 0.0, 0.157894736842, 0.0, 0.545454545455
1529523783.4981902, 0.0, 0.0454545454545, 0.0, 0.157894736842, 0.0, 0.545454545455
1529523783.6621902, 0.0, 0.0454545454545, 0.0, 0.157894736842, 0.0, 0.545454545455
1529523783.8691902, 0.0, 0.0454545454545, 0.0, 0.157894736842, 0.0, 0.545454545455
1529523784.06219, 0.0, 0.0454545454545, 0.0, 0.157894736842, 0.0, 0.545454545455
1529523784.2221901, 0.0, 0.0454545454545, 0.0, 0.157894736842, 0.0, 0.545454545455
1529523784.3591902, 0.0, 0.0454545454545, 0.05, 0.157894736842, 0.0, 0.545454545455
1529523784.55219, 0.0, 0.0454545454545, 0.0, 0.157894736842, 0.0, 0.545454545455
1529523784.7051902, 0.0, 0.0454545454545, 0.0, 0.157894736842, 0.0, 0.545454545455
1529523784.8891902, 0.0, 0.0454545454545, 0.0, 0.157894736842, 0.0, 0.545454545455
1529523785.08219, 0.0, 0.0454545454545, 0.0, 0.157894736842, 0.0, 0.545454545455
1529523785.2441902, 0.0, 0.0454545454545, 0.0, 0.157894736842, 0.0, 0.545454545455
1529523785.46719, 0.0, 0.0454545454545, 0.0, 0.157894736842, 0.0, 0.545454545455
1529523785.6361902, 0.0, 0.0, 0.0, 0.157894736842, 0.0, 0.545454545455
1529523785.7731903, 0.0, 0.0, 0.0, 0.157894736842, 0.0, 0.545454545455
1529523785.9251902, 0.0, 0.0, 0.0, 0.157894736842, 0.0, 0.545454545455
1529523786.0631902, 0.0, 0.0, 0.05, 0.157894736842, 0.0, 0.545454545455
1529523786.24919, 0.0, 0.0, 0.05, 0.157894736842, 0.0, 0.545454545455
1529523786.44019, 0.0, 0.0, 0.0, 0.157894736842, 0.0, 0.545454545455
1529523786.6261902, 0.0, 0.0, 0.0, 0.157894736842, 0.0, 0.545454545455
1529523786.7911901, 0.0, 0.0, 0.0, 0.157894736842, 0.0, 0.545454545455
1529523787.0181901, 0.0, 0.0, 0.0, 0.157894736842, 0.0, 0.545454545455
1529523787.1331902, 0.0, 0.0, 0.0, 0.157894736842, 0.0, 0.545454545455
1529523787.3701901, 0.0, 0.0, 0.0, 0.157894736842, 0.0, 0.545454545455
1529523787.56519, 0.0, 0.0, 0.0, 0.157894736842, 0.0, 0.545454545455
1529523787.74319, 0.0, 0.0, 0.0, 0.157894736842, 0.0, 0.545454545455
1529523787.87719, 0.0, 0.0, 0.0, 0.157894736842, 0.0, 0.545454545455
1529523788.0371902, 0.0, 0.0, 0.0, 0.157894736842, 0.0, 0.545454545455
1529523788.2051902, 0.0, 0.0, 0.0, 0.157894736842, 0.0, 0.545454545455
1529523788.43719, 0.0, 0.0, 0.0, 0.157894736842, 0.0, 0.545454545455
1529523788.65419, 0.0, 0.0, 0.0, 0.157894736842, 0.0, 0.545454545455
1529523788.8921902, 0.0, 0.0, 0.0, 0.157894736842, 0.0, 0.545454545455
1529523789.0661902, 0.0, 0.0, 0.0, 0.157894736842, 0.0, 0.545454545455
1529523789.2111902, 0.0, 0.0909090909091, 0.0, 0.157894736842, 0.0, 0.545454545455
1529523789.37819, 0.0, 0.0454545454545, 0.0, 0.157894736842, 0.0, 0.545454545455
1529523789.5331903, 0.0, 0.0, 0.0, 0.157894736842, 0.0, 0.545454545455
1529523789.7181902, 0.0, 0.0, 0.0, 0.157894736842, 0.0, 0.545454545455
1529523789.85119, 0.0, 0.0, 0.0, 0.157894736842, 0.0, 0.545454545455
1529523790.0001903, 0.0, 0.0, 0.0, 0.157894736842, 0.0, 0.545454545455
1529523790.1691902, 0.0, 0.0, 0.0, 0.157894736842, 0.0, 0.545454545455
1529523790.35119, 0.0, 0.0, 0.0, 0.157894736842, 0.0, 0.545454545455
1529523790.4911902, 0.0, 0.0, 0.0, 0.157894736842, 0.0, 0.545454545455
1529523790.65119, 0.0, 0.0, 0.0, 0.157894736842, 0.0, 0.545454545455
1529523790.8241901, 0.0, 0.0, 0.0, 0.157894736842, 0.0, 0.545454545455
1529523791.0231903, 0.0, 0.0, 0.0, 0.157894736842, 0.0, 0.545454545455
1529523791.2641902, 0.0, 0.0, 0.0, 0.157894736842, 0.0, 0.545454545455
1529523791.4451902, 0.0833333333333, 0.0, 0.0, 0.157894736842, 0.0, 0.545454545455
1529523791.63819, 0.166666666667, 0.0, 0.0, 0.210526315789, 0.0, 0.545454545455
1529523791.8241901, 0.166666666667, 0.0, 0.0, 0.210526315789, 0.0, 0.545454545455
1529523791.99319, 0.166666666667, 0.0, 0.0, 0.368421052632, 0.05, 0.545454545455
1529523792.1431901, 0.25, 0.0, 0.0, 0.210526315789, 0.0, 0.545454545455
1529523792.3621902, 0.166666666667, 0.0, 0.0, 0.210526315789, 0.0, 0.545454545455
1529523792.54219, 0.0, 0.0, 0.0, 0.263157894737, 0.0, 0.545454545455
1529523792.75319, 0.0, 0.0, 0.0, 0.315789473684, 0.0, 0.545454545455
1529523792.92719, 0.0, 0.0, 0.0, 0.315789473684, 0.0, 0.545454545455
1529523793.0941901, 0.0, 0.0, 0.0, 0.315789473684, 0.15, 0.545454545455
1529523793.2411902, 0.0, 0.0, 0.0, 0.315789473684, 0.05, 0.545454545455
1529523793.4421902, 0.0, 0.0, 0.0, 0.315789473684, 0.05, 0.545454545455
1529523793.6121902, 0.0, 0.0, 0.0, 0.315789473684, 0.0, 0.545454545455
1529523793.77519, 0.0, 0.0, 0.0, 0.315789473684, 0.0, 0.545454545455
1529523794.0071902, 0.0, 0.0, 0.0, 0.315789473684, 0.0, 0.545454545455
1529523794.20719, 0.0, 0.0, 0.0, 0.315789473684, 0.0, 0.545454545455
1529523794.3851902, 0.0, 0.0, 0.0, 0.315789473684, 0.0, 0.545454545455
1529523794.5631902, 0.0, 0.0, 0.0, 0.315789473684, 0.0, 0.545454545455
1529523794.7571902, 0.0, 0.0, 0.0, 0.315789473684, 0.0, 0.545454545455
1529523794.8921902, 0.0, 0.0, 0.0, 0.315789473684, 0.0, 0.545454545455
1529523795.02519, 0.0, 0.0, 0.0, 0.315789473684, 0.0, 0.545454545455
1529523795.1821902, 0.0, 0.0, 0.0, 0.315789473684, 0.0, 0.545454545455
1529523795.3101902, 0.0, 0.0, 0.0, 0.263157894737, 0.0, 0.545454545455
1529523795.5341902, 0.0, 0.0, 0.0, 0.263157894737, 0.1, 0.545454545455
1529523795.7111902, 0.0, 0.0, 0.0, 0.210526315789, 0.0, 0.545454545455
1529523795.85119, 0.0, 0.0, 0.0, 0.210526315789, 0.0, 0.545454545455
1529523796.0841901, 0.0, 0.0, 0.0, 0.157894736842, 0.0, 0.545454545455
1529523796.2021902, 0.0, 0.0, 0.0, 0.157894736842, 0.0, 0.545454545455
1529523796.3621902, 0.0, 0.0, 0.0, 0.157894736842, 0.0, 0.545454545455
1529523796.5901902, 0.0, 0.0, 0.0, 0.157894736842, 0.0, 0.545454545455
1529523796.8041902, 0.0, 0.0, 0.0, 0.157894736842, 0.0, 0.545454545455
1529523796.9821901, 0.0, 0.0, 0.0, 0.0, 0.0, 0.545454545455
1529523797.22619, 0.0, 0.0, 0.0, 0.0, 0.0, 0.545454545455
1529523797.4751902, 0.0, 0.0, 0.0, 0.0, 0.0, 0.545454545455
1529523797.6631901, 0.0, 0.0, 0.0, 0.0, 0.0, 0.545454545455
1529523797.8991902, 0.0, 0.0, 0.0, 0.0, 0.0, 0.545454545455
1529523798.1231902, 0.0, 0.0, 0.0, 0.0526315789474, 0.0, 0.545454545455
1529523798.3591902, 0.0, 0.0, 0.0, 0.0526315789474, 0.0, 0.545454545455
1529523798.57119, 0.0833333333333, 0.0, 0.0, 0.0526315789474, 0.0, 0.545454545455
1529523798.7411902, 0.166666666667, 0.0, 0.0, 0.0526315789474, 0.0, 0.545454545455
1529523798.9281902, 0.25, 0.0, 0.0, 0.0, 0.0, 0.545454545455
1529523799.09819, 0.166666666667, 0.0, 0.0, 0.0, 0.0, 0.545454545455
1529523799.2941902, 0.0, 0.0, 0.0, 0.0, 0.0, 0.545454545455
1529523799.5181901, 0.0, 0.0, 0.0, 0.0, 0.0, 0.545454545455
1529523799.7211902, 0.0, 0.0, 0.0, 0.0, 0.0, 0.545454545455
1529523799.87719, 0.0, 0.0, 0.0, 0.0, 0.0, 0.545454545455
1529523800.03619, 0.0, 0.0, 0.0, 0.0, 0.0, 0.545454545455
1529523800.19719, 0.0, 0.0, 0.0, 0.0, 0.0, 0.545454545455
1529523800.32819, 0.0, 0.0909090909091, 0.0, 0.0, 0.0, 0.545454545455
1529523800.45619, 0.0, 0.0909090909091, 0.0, 0.0, 0.0, 0.545454545455
1529523800.65019, 0.0, 0.0909090909091, 0.0, 0.0, 0.0, 0.545454545455
1529523800.82219, 0.0, 0.0909090909091, 0.0, 0.0, 0.0, 0.545454545455
1529523801.0001903, 0.0, 0.136363636364, 0.0, 0.0, 0.0, 0.545454545455
1529523801.1691902, 0.0, 0.136363636364, 0.0, 0.0526315789474, 0.0, 0.545454545455
1529523801.36519, 0.0, 0.136363636364, 0.0, 0.105263157895, 0.0, 0.545454545455
1529523801.52619, 0.0, 0.136363636364, 0.0, 0.105263157895, 0.0, 0.545454545455
1529523801.6861901, 0.0, 0.136363636364, 0.0, 0.105263157895, 0.0, 0.545454545455
1529523801.8491902, 0.0, 0.0909090909091, 0.0, 0.105263157895, 0.0, 0.545454545455
1529523802.00619, 0.0, 0.0909090909091, 0.0, 0.105263157895, 0.0, 0.545454545455
1529523802.22319, 0.0, 0.0909090909091, 0.0, 0.0526315789474, 0.0, 0.545454545455
1529523802.47619, 0.0833333333333, 0.0909090909091, 0.0, 0.0, 0.0, 0.545454545455
1529523802.63119, 0.0833333333333, 0.0909090909091, 0.0, 0.0, 0.0, 0.545454545455
1529523802.81519, 0.0833333333333, 0.0909090909091, 0.0, 0.0, 0.0, 0.545454545455
1529523803.00919, 0.0, 0.0909090909091, 0.0, 0.0, 0.0, 0.545454545455
1529523803.1811903, 0.0, 0.0909090909091, 0.0, 0.0, 0.0, 0.545454545455
1529523803.31519, 0.166666666667, 0.0909090909091, 0.0, 0.0, 0.0, 0.545454545455
1529523803.46319, 0.166666666667, 0.0909090909091, 0.0, 0.0, 0.0, 0.545454545455
1529523803.61519, 0.166666666667, 0.0909090909091, 0.0, 0.0526315789474, 0.0, 0.545454545455
1529523803.79619, 0.0833333333333, 0.0909090909091, 0.0, 0.0526315789474, 0.05, 0.545454545455
1529523803.97619, 0.0, 0.0909090909091, 0.0, 0.0526315789474, 0.0, 0.545454545455
1529523804.21019, 0.0, 0.0909090909091, 0.0, 0.0, 0.0, 0.545454545455
1529523804.4361901, 0.25, 0.0909090909091, 0.0, 0.0, 0.0, 0.545454545455
1529523804.5831902, 0.25, 0.0909090909091, 0.0, 0.0, 0.0, 0.545454545455
1529523804.76219, 0.25, 0.0909090909091, 0.0, 0.0, 0.0, 0.545454545455
1529523804.9751902, 0.333333333333, 0.0909090909091, 0.0, 0.0, 0.0, 0.545454545455
1529523805.1651902, 0.0833333333333, 0.0909090909091, 0.0, 0.0, 0.0, 0.545454545455
1529523805.39119, 0.0833333333333, 0.0909090909091, 0.0, 0.0, 0.0, 0.545454545455
1529523805.5441902, 0.0, 0.0909090909091, 0.0, 0.0, 0.0, 0.545454545455
1529523805.7191901, 0.0, 0.0909090909091, 0.0, 0.0, 0.0, 0.545454545455
1529523805.8731902, 0.0, 0.0909090909091, 0.0, 0.0, 0.0, 0.545454545455
1529523806.0511901, 0.0, 0.0909090909091, 0.0, 0.0, 0.0, 0.545454545455
1529523806.3031902, 0.0, 0.0909090909091, 0.0, 0.0, 0.0, 0.545454545455
1529523806.52919, 0.0, 0.0909090909091, 0.0, 0.0, 0.0, 0.545454545455
1529523806.67119, 0.0, 0.0909090909091, 0.0, 0.0, 0.0, 0.545454545455
1529523806.83119, 0.25, 0.0909090909091, 0.0, 0.0, 0.0, 0.545454545455
1529523807.0051901, 0.25, 0.0909090909091, 0.0, 0.0, 0.0, 0.545454545455
1529523807.15719, 0.25, 0.0909090909091, 0.0, 0.0, 0.0, 0.545454545455
1529523807.3431902, 0.0833333333333, 0.0909090909091, 0.0, 0.0, 0.0, 0.545454545455
1529523807.5901902, 0.0, 0.0909090909091, 0.0, 0.0, 0.0, 0.545454545455
1529523807.8331902, 0.0, 0.0909090909091, 0.0, 0.0, 0.0, 0.545454545455
1529523808.0701902, 0.0, 0.0909090909091, 0.0, 0.0, 0.0, 0.545454545455
1529523808.2251902, 0.0, 0.0909090909091, 0.0, 0.0, 0.0, 0.545454545455
1529523808.3631902, 0.0, 0.0909090909091, 0.0, 0.0, 0.0, 0.545454545455
1529523808.49919, 0.0, 0.0909090909091, 0.0, 0.0, 0.0, 0.545454545455
1529523808.6491902, 0.0, 0.0909090909091, 0.0, 0.0, 0.0, 0.545454545455
1529523808.76319, 0.0, 0.0909090909091, 0.0, 0.0, 0.0, 0.545454545455
1529523808.9051902, 0.25, 0.0909090909091, 0.0, 0.0, 0.0, 0.545454545455
1529523809.0331903, 0.25, 0.0909090909091, 0.0, 0.0, 0.0, 0.545454545455
1529523809.24619, 0.25, 0.0909090909091, 0.0, 0.0, 0.0, 0.545454545455
1529523809.43019, 0.333333333333, 0.0909090909091, 0.0, 0.0, 0.0, 0.545454545455
1529523809.54819, 0.166666666667, 0.0909090909091, 0.0, 0.0, 0.0, 0.545454545455
1529523809.6881902, 0.0833333333333, 0.0909090909091, 0.0, 0.0, 0.0, 0.545454545455
1529523809.83119, 0.0833333333333, 0.0909090909091, 0.0, 0.0, 0.0, 0.545454545455
1529523809.9911902, 0.0833333333333, 0.0454545454545, 0.0, 0.0, 0.0, 0.545454545455
1529523810.16719, 0.0, 0.0454545454545, 0.0, 0.0, 0.0, 0.545454545455
1529523810.4251902, 0.0, 0.0, 0.0, 0.0, 0.0, 0.545454545455
1529523810.6121902, 0.0, 0.0, 0.0, 0.0, 0.0, 0.545454545455
1529523810.7571902, 0.0, 0.0, 0.0, 0.0, 0.0, 0.545454545455
1529523810.92419, 0.25, 0.0, 0.0, 0.0, 0.0, 0.545454545455
1529523811.15719, 0.333333333333, 0.0, 0.0, 0.0, 0.0, 0.545454545455
1529523811.3231902, 0.333333333333, 0.0, 0.0, 0.0, 0.0, 0.545454545455
1529523811.4921901, 0.0, 0.0, 0.0, 0.0, 0.0, 0.545454545455
1529523811.6721902, 0.0, 0.0, 0.0, 0.0, 0.0, 0.545454545455
1529523811.81219, 0.0, 0.0, 0.0, 0.0, 0.0, 0.545454545455
1529523811.95619, 0.0, 0.0, 0.0, 0.0, 0.0, 0.545454545455
1529523812.1001902, 0.0, 0.0, 0.0, 0.0, 0.0, 0.636363636364
1529523812.31819, 0.0, 0.0, 0.0, 0.0, 0.0, 0.636363636364
1529523812.43719, 0.0, 0.0909090909091, 0.0, 0.0, 0.0, 0.636363636364
1529523812.58519, 0.0, 0.227272727273, 0.0, 0.0, 0.0, 0.636363636364
1529523812.7021902, 0.0, 0.409090909091, 0.0, 0.0, 0.0, 0.636363636364
1529523812.92719, 0.0, 0.409090909091, 0.0, 0.0, 0.0, 0.636363636364
1529523813.06519, 0.0, 0.318181818182, 0.0, 0.0, 0.0, 0.636363636364
1529523813.28919, 0.0, 0.363636363636, 0.0, 0.0, 0.05, 0.636363636364
1529523813.4611902, 0.0, 0.272727272727, 0.0, 0.0, 0.0, 0.636363636364
1529523813.6621902, 0.0, 0.272727272727, 0.0, 0.0, 0.0, 0.636363636364
1529523813.8761902, 0.0, 0.272727272727, 0.0, 0.0, 0.0, 0.636363636364
1529523814.0181901, 0.0, 0.272727272727, 0.0, 0.0, 0.0, 0.636363636364
1529523814.15119, 0.0, 0.272727272727, 0.0, 0.0, 0.0, 0.636363636364
1529523814.2931902, 0.0, 0.272727272727, 0.0, 0.0, 0.0, 0.636363636364
1529523814.45319, 0.0, 0.272727272727, 0.0, 0.0, 0.0, 0.636363636364
1529523814.6491902, 0.0, 0.272727272727, 0.0, 0.0, 0.0, 0.636363636364
1529523814.8631902, 0.0, 0.272727272727, 0.0, 0.0, 0.0, 0.636363636364
1529523814.99619, 0.0, 0.272727272727, 0.0, 0.0, 0.0, 0.636363636364
1529523815.1301901, 0.0, 0.272727272727, 0.0, 0.0, 0.0, 0.636363636364
1529523815.28919, 0.0, 0.272727272727, 0.0, 0.0, 0.0, 0.636363636364
1529523815.4151902, 0.0, 0.272727272727, 0.0, 0.0, 0.0, 0.636363636364
1529523815.5601902, 0.166666666667, 0.272727272727, 0.0, 0.0, 0.0, 0.636363636364
1529523815.8061903, 0.25, 0.272727272727, 0.0, 0.0, 0.0, 0.636363636364
1529523816.0201902, 0.166666666667, 0.272727272727, 0.0, 0.0, 0.0, 0.636363636364
1529523816.26619, 0.0, 0.272727272727, 0.0, 0.0, 0.0, 0.636363636364
1529523816.40119, 0.0, 0.272727272727, 0.0, 0.0, 0.0, 0.636363636364
1529523816.6221902, 0.0, 0.272727272727, 0.0, 0.0, 0.0, 0.636363636364
1529523816.79519, 0.0, 0.272727272727, 0.0, 0.0, 0.0, 0.636363636364
1529523816.9261901, 0.0, 0.272727272727, 0.0, 0.0, 0.0, 0.636363636364
1529523817.0761902, 0.0, 0.272727272727, 0.0, 0.0, 0.0, 0.636363636364
1529523817.2801902, 0.0, 0.272727272727, 0.0, 0.0, 0.0, 0.636363636364
1529523817.46719, 0.0, 0.272727272727, 0.0, 0.0, 0.0, 0.636363636364
1529523817.6361902, 0.0, 0.272727272727, 0.0, 0.0, 0.0, 0.636363636364
1529523817.79519, 0.0, 0.272727272727, 0.0, 0.0, 0.0, 0.636363636364
1529523817.9611902, 0.0, 0.272727272727, 0.0, 0.0, 0.0, 0.636363636364
1529523818.1561902, 0.0, 0.272727272727, 0.0, 0.105263157895, 0.0, 0.636363636364
1529523818.3011901, 0.0, 0.272727272727, 0.0, 0.105263157895, 0.0, 0.636363636364
1529523818.4581902, 0.0, 0.272727272727, 0.0, 0.105263157895, 0.0, 0.545454545455
1529523818.59519, 0.0, 0.272727272727, 0.0, 0.0526315789474, 0.0, 0.545454545455
1529523818.7281902, 0.0, 0.272727272727, 0.0, 0.0526315789474, 0.0, 0.363636363636
1529523818.87419, 0.0, 0.272727272727, 0.0, 0.0526315789474, 0.0, 0.363636363636
1529523819.0071902, 0.0, 0.272727272727, 0.0, 0.0526315789474, 0.0, 0.363636363636
1529523819.17419, 0.0, 0.272727272727, 0.0, 0.0526315789474, 0.0, 0.363636363636
1529523819.3041902, 0.0, 0.272727272727, 0.0, 0.0526315789474, 0.0, 0.181818181818
1529523819.5141902, 0.0, 0.272727272727, 0.0, 0.0526315789474, 0.0, 0.0909090909091
1529523819.7211902, 0.0, 0.272727272727, 0.0, 0.0526315789474, 0.0, 0.0909090909091
1529523819.8561902, 0.0, 0.272727272727, 0.0, 0.0526315789474, 0.0, 0.0
1529523820.0441902, 0.0, 0.272727272727, 0.0, 0.0526315789474, 0.05, 0.0
1529523820.23619, 0.0, 0.272727272727, 0.0, 0.0526315789474, 0.05, 0.0
1529523820.4541903, 0.0, 0.272727272727, 0.0, 0.0526315789474, 0.0, 0.181818181818
1529523820.6401901, 0.0, 0.272727272727, 0.0, 0.0526315789474, 0.0, 0.272727272727
1529523820.8291903, 0.0, 0.272727272727, 0.0, 0.0526315789474, 0.0, 0.181818181818
1529523821.0631902, 0.0, 0.272727272727, 0.0, 0.0526315789474, 0.0, 0.181818181818
1529523821.3011901, 0.0, 0.318181818182, 0.0, 0.0526315789474, 0.0, 0.454545454545
1529523821.53519, 0.0, 0.318181818182, 0.0, 0.0526315789474, 0.0, 0.454545454545
1529523821.7211902, 0.0, 0.318181818182, 0.0, 0.0526315789474, 0.0, 0.454545454545
1529523821.89119, 0.0, 0.318181818182, 0.0, 0.0526315789474, 0.0, 0.454545454545
1529523822.1291902, 0.0, 0.272727272727, 0.0, 0.0526315789474, 0.0, 0.363636363636
1529523822.3401902, 0.0, 0.272727272727, 0.0, 0.0526315789474, 0.0, 0.272727272727
1529523822.5511901, 0.0, 0.272727272727, 0.0, 0.0526315789474, 0.0, 0.181818181818
1529523822.77619, 0.0, 0.272727272727, 0.0, 0.0526315789474, 0.0, 0.181818181818
1529523823.0071902, 0.0, 0.272727272727, 0.0, 0.0526315789474, 0.0, 0.0
1529523823.14119, 0.0, 0.272727272727, 0.0, 0.0526315789474, 0.0, 0.0
1529523823.27519, 0.0, 0.272727272727, 0.0, 0.0526315789474, 0.0, 0.0
1529523823.3891902, 0.0, 0.272727272727, 0.0, 0.0526315789474, 0.0, 0.0
1529523823.56819, 0.0, 0.272727272727, 0.0, 0.0526315789474, 0.0, 0.0
1529523823.6761901, 0.0, 0.272727272727, 0.0, 0.0526315789474, 0.0, 0.0
1529523823.81519, 0.0, 0.272727272727, 0.0, 0.0526315789474, 0.0, 0.0
1529523824.0561903, 0.0, 0.272727272727, 0.0, 0.0526315789474, 0.0, 0.0
1529523824.2641902, 0.0, 0.272727272727, 0.0, 0.0526315789474, 0.0, 0.0
1529523824.3951902, 0.0, 0.272727272727, 0.0, 0.0526315789474, 0.0, 0.0
1529523824.55819, 0.0, 0.272727272727, 0.0, 0.0526315789474, 0.0, 0.0
1529523824.7701902, 0.0, 0.272727272727, 0.0, 0.0526315789474, 0.0, 0.0
1529523825.00919, 0.0, 0.272727272727, 0.0, 0.0526315789474, 0.0, 0.272727272727
1529523825.23019, 0.0, 0.272727272727, 0.0, 0.0526315789474, 0.0, 0.454545454545
1529523825.36519, 0.0, 0.272727272727, 0.0, 0.0526315789474, 0.0, 0.454545454545
1529523825.5441902, 0.0, 0.272727272727, 0.0, 0.0526315789474, 0.0, 0.454545454545
1529523825.7091901, 0.0, 0.272727272727, 0.0, 0.0526315789474, 0.0, 0.454545454545
1529523825.8891902, 0.0, 0.272727272727, 0.0, 0.0526315789474, 0.0, 0.454545454545
1529523826.07519, 0.0833333333333, 0.272727272727, 0.0, 0.0526315789474, 0.0, 0.454545454545
1529523826.2091901, 0.166666666667, 0.272727272727, 0.0, 0.0526315789474, 0.0, 0.454545454545
1529523826.3501902, 0.166666666667, 0.272727272727, 0.0, 0.0526315789474, 0.0, 0.454545454545
1529523826.5801902, 0.166666666667, 0.272727272727, 0.0, 0.0526315789474, 0.0, 0.454545454545
1529523826.7451901, 0.166666666667, 0.272727272727, 0.0, 0.0526315789474, 0.0, 0.454545454545
1529523826.8961902, 0.166666666667, 0.272727272727, 0.0, 0.0526315789474, 0.0, 0.181818181818
1529523827.0431902, 0.166666666667, 0.272727272727, 0.0, 0.0526315789474, 0.0, 0.181818181818
1529523827.19619, 0.166666666667, 0.272727272727, 0.1, 0.0526315789474, 0.0, 0.181818181818
1529523827.41719, 0.0833333333333, 0.272727272727, 0.1, 0.0526315789474, 0.0, 0.181818181818
1529523827.5791903, 0.0833333333333, 0.272727272727, 0.0, 0.0526315789474, 0.0, 0.0909090909091
1529523827.7641902, 0.0, 0.272727272727, 0.0, 0.0526315789474, 0.0, 0.272727272727
1529523827.9161901, 0.0, 0.272727272727, 0.0, 0.0526315789474, 0.0, 0.272727272727
1529523828.1231902, 0.0, 0.272727272727, 0.0, 0.0526315789474, 0.0, 0.272727272727
1529523828.2701902, 0.0, 0.272727272727, 0.0, 0.0526315789474, 0.0, 0.363636363636
1529523828.44319, 0.0, 0.272727272727, 0.0, 0.0526315789474, 0.0, 0.272727272727
1529523828.6631901, 0.0, 0.272727272727, 0.0, 0.0526315789474, 0.0, 0.272727272727
1529523828.8501902, 0.0, 0.272727272727, 0.0, 0.0526315789474, 0.0, 0.272727272727
1529523829.00919, 0.0, 0.272727272727, 0.0, 0.0526315789474, 0.0, 0.272727272727
1529523829.17719, 0.0, 0.272727272727, 0.0, 0.0526315789474, 0.0, 0.181818181818
1529523829.36419, 0.0, 0.272727272727, 0.0, 0.0526315789474, 0.0, 0.181818181818
1529523829.5701902, 0.0, 0.272727272727, 0.05, 0.0526315789474, 0.0, 0.181818181818
1529523829.7381902, 0.0, 0.272727272727, 0.05, 0.0526315789474, 0.0, 0.363636363636
1529523829.9261901, 0.0, 0.272727272727, 0.1, 0.0526315789474, 0.0, 0.363636363636
1529523830.16419, 0.0, 0.272727272727, 0.1, 0.0526315789474, 0.0, 0.363636363636
1529523830.3111901, 0.0, 0.272727272727, 0.1, 0.0526315789474, 0.0, 0.363636363636
1529523830.42319, 0.0, 0.272727272727, 0.1, 0.105263157895, 0.0, 0.363636363636
1529523830.61819, 0.0, 0.272727272727, 0.1, 0.157894736842, 0.0, 0.181818181818
1529523830.8441901, 0.0, 0.272727272727, 0.1, 0.157894736842, 0.0, 0.181818181818
1529523831.0181901, 0.0, 0.272727272727, 0.1, 0.157894736842, 0.0, 0.181818181818
1529523831.1921902, 0.0, 0.272727272727, 0.1, 0.157894736842, 0.0, 0.181818181818
1529523831.4051902, 0.0, 0.272727272727, 0.1, 0.157894736842, 0.0, 0.181818181818
1529523831.59519, 0.0, 0.272727272727, 0.1, 0.157894736842, 0.0, 0.181818181818
1529523831.83219, 0.0, 0.272727272727, 0.1, 0.157894736842, 0.0, 0.181818181818
1529523832.0171902, 0.0, 0.272727272727, 0.1, 0.157894736842, 0.1, 0.0
1529523832.2051902, 0.0, 0.272727272727, 0.1, 0.157894736842, 0.0, 0.272727272727
1529523832.43419, 0.0, 0.272727272727, 0.1, 0.157894736842, 0.0, 0.454545454545
1529523832.59219, 0.0, 0.272727272727, 0.1, 0.157894736842, 0.0, 0.454545454545
1529523832.81919, 0.0, 0.272727272727, 0.1, 0.157894736842, 0.0, 0.272727272727
1529523833.01219, 0.0, 0.272727272727, 0.1, 0.157894736842, 0.0, 0.181818181818
1529523833.1521902, 0.0, 0.272727272727, 0.1, 0.157894736842, 0.0, 0.0
1529523833.36519, 0.0, 0.272727272727, 0.1, 0.157894736842, 0.0, 0.0
1529523833.59219, 0.0, 0.272727272727, 0.1, 0.157894736842, 0.2, 0.0
1529523833.72619, 0.0, 0.272727272727, 0.1, 0.157894736842, 0.1, 0.0909090909091
1529523833.9651902, 0.0, 0.272727272727, 0.1, 0.157894736842, 0.05, 0.272727272727
1529523834.0861902, 0.0, 0.272727272727, 0.1, 0.157894736842, 0.0, 0.0909090909091
1529523834.2451901, 0.0, 0.272727272727, 0.1, 0.210526315789, 0.0, 0.0909090909091
1529523834.4721901, 0.0833333333333, 0.272727272727, 0.1, 0.157894736842, 0.0, 0.0909090909091
1529523834.6131902, 0.0833333333333, 0.272727272727, 0.1, 0.157894736842, 0.0, 0.0909090909091
1529523834.76619, 0.0833333333333, 0.272727272727, 0.1, 0.157894736842, 0.0, 0.181818181818
1529523834.8961902, 0.0, 0.272727272727, 0.25, 0.157894736842, 0.0, 0.0909090909091
1529523835.0331903, 0.0, 0.272727272727, 0.2, 0.157894736842, 0.0, 0.0909090909091
1529523835.2311902, 0.0, 0.272727272727, 0.15, 0.157894736842, 0.0, 0.0909090909091
1529523835.4581902, 0.0, 0.272727272727, 0.15, 0.157894736842, 0.0, 0.0909090909091
1529523835.67019, 0.0, 0.272727272727, 0.15, 0.157894736842, 0.0, 0.0909090909091
1529523835.9131901, 0.0, 0.272727272727, 0.15, 0.157894736842, 0.0, 0.0909090909091
1529523836.0731902, 0.0, 0.272727272727, 0.2, 0.157894736842, 0.05, 0.0
1529523836.1921902, 0.0, 0.272727272727, 0.2, 0.157894736842, 0.05, 0.0
1529523836.3931901, 0.0, 0.272727272727, 0.25, 0.157894736842, 0.0, 0.0
1529523836.5271902, 0.0, 0.272727272727, 0.1, 0.157894736842, 0.0, 0.0
1529523836.7541902, 0.0, 0.272727272727, 0.1, 0.157894736842, 0.0, 0.0
1529523836.9881902, 0.0, 0.272727272727, 0.1, 0.157894736842, 0.0, 0.0
1529523837.16719, 0.0, 0.272727272727, 0.1, 0.157894736842, 0.0, 0.0
1529523837.36419, 0.0, 0.272727272727, 0.1, 0.157894736842, 0.0, 0.181818181818
1529523837.51919, 0.0, 0.272727272727, 0.1, 0.157894736842, 0.0, 0.272727272727
1529523837.70019, 0.0, 0.272727272727, 0.1, 0.157894736842, 0.0, 0.181818181818
1529523837.84219, 0.0, 0.272727272727, 0.1, 0.157894736842, 0.0, 0.0909090909091
1529523838.0531902, 0.0, 0.272727272727, 0.1, 0.157894736842, 0.0, 0.0909090909091
1529523838.2321901, 0.0, 0.272727272727, 0.1, 0.157894736842, 0.0, 0.0
1529523838.4061902, 0.0, 0.272727272727, 0.1, 0.157894736842, 0.0, 0.0
1529523838.6451902, 0.0, 0.318181818182, 0.1, 0.157894736842, 0.0, 0.181818181818
1529523838.8261902, 0.0, 0.272727272727, 0.1, 0.157894736842, 0.0, 0.181818181818
1529523838.98019, 0.0, 0.272727272727, 0.1, 0.157894736842, 0.0, 0.181818181818
1529523839.1451902, 0.0, 0.272727272727, 0.1, 0.157894736842, 0.0, 0.181818181818
1529523839.2801902, 0.0, 0.272727272727, 0.1, 0.157894736842, 0.0, 0.0909090909091
1529523839.4871902, 0.0, 0.272727272727, 0.1, 0.157894736842, 0.0, 0.0
1529523839.73319, 0.0, 0.272727272727, 0.1, 0.157894736842, 0.0, 0.0
1529523839.94719, 0.0, 0.272727272727, 0.1, 0.157894736842, 0.0, 0.0
1529523840.16019, 0.0, 0.272727272727, 0.1, 0.157894736842, 0.0, 0.0
1529523840.40419, 0.0, 0.272727272727, 0.1, 0.157894736842, 0.0, 0.0
1529523840.6481903, 0.0, 0.272727272727, 0.2, 0.157894736842, 0.0, 0.0
1529523840.8271902, 0.0, 0.272727272727, 0.2, 0.157894736842, 0.0, 0.0
1529523840.9681902, 0.0, 0.272727272727, 0.2, 0.157894736842, 0.05, 0.0
1529523841.10119, 0.0, 0.272727272727, 0.3, 0.157894736842, 0.05, 0.0
1529523841.2831903, 0.0, 0.272727272727, 0.3, 0.157894736842, 0.0, 0.0
1529523841.4131901, 0.0, 0.272727272727, 0.3, 0.157894736842, 0.0, 0.0
1529523841.56819, 0.0, 0.272727272727, 0.3, 0.157894736842, 0.0, 0.0
1529523841.79519, 0.0, 0.272727272727, 0.3, 0.157894736842, 0.0, 0.0
1529523841.9411902, 0.0, 0.272727272727, 0.3, 0.157894736842, 0.0, 0.0
1529523842.08119, 0.0, 0.272727272727, 0.3, 0.157894736842, 0.0, 0.0
1529523842.2311902, 0.0, 0.272727272727, 0.35, 0.157894736842, 0.0, 0.0
1529523842.39419, 0.0, 0.272727272727, 0.35, 0.157894736842, 0.0, 0.0
1529523842.6131902, 0.0, 0.272727272727, 0.3, 0.157894736842, 0.0, 0.0
1529523842.8301902, 0.0, 0.272727272727, 0.2, 0.157894736842, 0.0, 0.0
1529523842.9421902, 0.0, 0.272727272727, 0.2, 0.157894736842, 0.0, 0.0
1529523843.1421902, 0.0, 0.272727272727, 0.2, 0.157894736842, 0.0, 0.0
1529523843.35519, 0.0, 0.272727272727, 0.1, 0.157894736842, 0.1, 0.0
1529523843.5151901, 0.0, 0.272727272727, 0.1, 0.157894736842, 0.05, 0.0
1529523843.7011902, 0.0, 0.272727272727, 0.15, 0.157894736842, 0.0, 0.0
1529523843.8441901, 0.0, 0.272727272727, 0.15, 0.157894736842, 0.05, 0.0
1529523843.9751902, 0.0, 0.272727272727, 0.15, 0.157894736842, 0.1, 0.0
1529523844.1821902, 0.0, 0.272727272727, 0.15, 0.157894736842, 0.05, 0.0
1529523844.4031901, 0.0, 0.272727272727, 0.15, 0.157894736842, 0.0, 0.0
1529523844.55919, 0.0, 0.272727272727, 0.15, 0.157894736842, 0.0, 0.0
1529523844.7781901, 0.0, 0.272727272727, 0.15, 0.157894736842, 0.0, 0.0
1529523845.0141902, 0.0, 0.272727272727, 0.15, 0.157894736842, 0.0, 0.0
1529523845.24919, 0.0, 0.272727272727, 0.15, 0.157894736842, 0.0, 0.0
1529523845.3831902, 0.0, 0.272727272727, 0.15, 0.157894736842, 0.0, 0.181818181818
1529523845.52219, 0.0, 0.272727272727, 0.15, 0.157894736842, 0.0, 0.363636363636
1529523845.72919, 0.0, 0.272727272727, 0.15, 0.157894736842, 0.0, 0.363636363636
1529523845.9581902, 0.0, 0.272727272727, 0.15, 0.157894736842, 0.0, 0.363636363636
1529523846.1911902, 0.0, 0.272727272727, 0.15, 0.157894736842, 0.0, 0.363636363636
1529523846.3391902, 0.0, 0.272727272727, 0.15, 0.157894736842, 0.0, 0.363636363636
1529523846.5531902, 0.0, 0.272727272727, 0.15, 0.157894736842, 0.0, 0.181818181818
1529523846.69419, 0.0, 0.272727272727, 0.15, 0.157894736842, 0.0, 0.181818181818
1529523846.8661902, 0.0, 0.272727272727, 0.15, 0.157894736842, 0.0, 0.181818181818
1529523846.9921901, 0.0, 0.272727272727, 0.15, 0.157894736842, 0.0, 0.0
1529523847.1421902, 0.0, 0.272727272727, 0.15, 0.157894736842, 0.0, 0.0
1529523847.2841902, 0.0, 0.272727272727, 0.15, 0.157894736842, 0.0, 0.0
1529523847.6321902, 0.0, 0.272727272727, 0.15, 0.157894736842, 0.0, 0.0
1529523847.8981903, 0.0, 0.272727272727, 0.15, 0.157894736842, 0.0, 0.0
1529523848.3431902, 0.0, 0.272727272727, 0.15, 0.157894736842, 0.0, 0.0
1529523848.50919, 0.0, 0.272727272727, 0.15, 0.157894736842, 0.0, 0.0
1529523848.6351902, 0.0, 0.272727272727, 0.15, 0.157894736842, 0.0, 0.0
1529523848.83119, 0.0, 0.272727272727, 0.15, 0.157894736842, 0.0, 0.0
1529523848.98319, 0.0, 0.272727272727, 0.15, 0.157894736842, 0.0, 0.0
1529523849.1171901, 0.0, 0.272727272727, 0.15, 0.157894736842, 0.0, 0.0
1529523849.3331902, 0.0, 0.272727272727, 0.15, 0.157894736842, 0.0, 0.0
1529523849.5411901, 0.0, 0.272727272727, 0.15, 0.157894736842, 0.0, 0.0
1529523849.7321901, 0.0, 0.272727272727, 0.15, 0.157894736842, 0.0, 0.0
1529523849.8531902, 0.0, 0.272727272727, 0.15, 0.157894736842, 0.0, 0.0
1529523849.9841902, 0.0, 0.272727272727, 0.15, 0.157894736842, 0.0, 0.0
1529523850.1631901, 0.0, 0.272727272727, 0.15, 0.157894736842, 0.05, 0.0
1529523850.3041902, 0.0, 0.272727272727, 0.15, 0.157894736842, 0.1, 0.0
1529523850.4511902, 0.0, 0.272727272727, 0.15, 0.157894736842, 0.1, 0.0
1529523850.62719, 0.0, 0.272727272727, 0.15, 0.157894736842, 0.1, 0.0
1529523850.7971902, 0.0, 0.272727272727, 0.15, 0.157894736842, 0.0, 0.0
1529523851.0111902, 0.0, 0.272727272727, 0.15, 0.157894736842, 0.0, 0.0
1529523851.2041903, 0.0, 0.272727272727, 0.15, 0.157894736842, 0.0, 0.0
1529523851.4161901, 0.0, 0.272727272727, 0.15, 0.157894736842, 0.0, 0.0
1529523851.6431901, 0.0, 0.272727272727, 0.15, 0.157894736842, 0.0, 0.0
1529523851.81919, 0.0, 0.272727272727, 0.15, 0.157894736842, 0.0, 0.0
1529523851.9591901, 0.0, 0.272727272727, 0.2, 0.157894736842, 0.0, 0.0
1529523852.0831902, 0.0, 0.272727272727, 0.15, 0.157894736842, 0.0, 0.0
1529523852.3441901, 0.0, 0.272727272727, 0.15, 0.157894736842, 0.0, 0.0
1529523852.58519, 0.0, 0.272727272727, 0.15, 0.157894736842, 0.0, 0.0
1529523852.7581902, 0.0, 0.272727272727, 0.15, 0.157894736842, 0.0, 0.0
1529523852.9581902, 0.0, 0.272727272727, 0.15, 0.157894736842, 0.0, 0.0
1529523853.1451902, 0.0, 0.272727272727, 0.15, 0.157894736842, 0.0, 0.0
1529523853.2781901, 0.0, 0.272727272727, 0.15, 0.157894736842, 0.0, 0.0
1529523853.4181902, 0.0, 0.272727272727, 0.15, 0.157894736842, 0.0, 0.0
1529523853.6251903, 0.0, 0.272727272727, 0.15, 0.157894736842, 0.0, 0.0
1529523853.7381902, 0.0, 0.272727272727, 0.15, 0.157894736842, 0.0, 0.0
1529523853.95319, 0.0, 0.272727272727, 0.15, 0.157894736842, 0.0, 0.0
1529523854.1581903, 0.0, 0.272727272727, 0.15, 0.157894736842, 0.0, 0.0
1529523854.37119, 0.0, 0.272727272727, 0.15, 0.157894736842, 0.0, 0.0
1529523854.5051901, 0.0, 0.272727272727, 0.15, 0.157894736842, 0.0, 0.0
1529523854.74919, 0.0, 0.272727272727, 0.15, 0.157894736842, 0.0, 0.0
1529523854.9581902, 0.0, 0.272727272727, 0.15, 0.157894736842, 0.0, 0.0
1529523855.1421902, 0.0, 0.272727272727, 0.15, 0.157894736842, 0.0, 0.0
1529523855.33219, 0.0, 0.272727272727, 0.15, 0.157894736842, 0.0, 0.0
1529523855.5601902, 0.0, 0.272727272727, 0.15, 0.157894736842, 0.0, 0.0
1529523855.79919, 0.0, 0.272727272727, 0.15, 0.157894736842, 0.0, 0.0
1529523856.01319, 0.0, 0.272727272727, 0.15, 0.157894736842, 0.0, 0.0
1529523856.1951902, 0.0, 0.272727272727, 0.15, 0.157894736842, 0.0, 0.0
1529523856.3721902, 0.0, 0.272727272727, 0.15, 0.157894736842, 0.0, 0.0
1529523856.53919, 0.0, 0.272727272727, 0.15, 0.157894736842, 0.0, 0.0
1529523856.96319, 0.0, 0.272727272727, 0.15, 0.157894736842, 0.0, 0.0
1529523857.1721902, 0.0, 0.272727272727, 0.15, 0.157894736842, 0.0, 0.0
1529523857.3061903, 0.0, 0.318181818182, 0.15, 0.157894736842, 0.0, 0.0
1529523857.4841902, 0.0, 0.318181818182, 0.15, 0.157894736842, 0.0, 0.0
1529523857.7641902, 0.0, 0.272727272727, 0.15, 0.157894736842, 0.0, 0.0
1529523858.02519, 0.0, 0.272727272727, 0.15, 0.157894736842, 0.0, 0.0
1529523858.25319, 0.0, 0.272727272727, 0.15, 0.157894736842, 0.0, 0.0
1529523858.50619, 0.0, 0.272727272727, 0.15, 0.157894736842, 0.0, 0.0
1529523858.72619, 0.0, 0.272727272727, 0.15, 0.157894736842, 0.0, 0.0
1529523859.21319, 0.0, 0.409090909091, 0.15, 0.157894736842, 0.0, 0.0
1529523859.44319, 0.0, 0.272727272727, 0.15, 0.157894736842, 0.0, 0.0
1529523859.6021903, 0.0, 0.227272727273, 0.15, 0.157894736842, 0.0, 0.0
1529523859.7341902, 0.0, 0.227272727273, 0.15, 0.157894736842, 0.0, 0.0
1529523859.8671901, 0.0, 0.227272727273, 0.15, 0.157894736842, 0.0, 0.0
1529523860.0271902, 0.0, 0.272727272727, 0.15, 0.157894736842, 0.0, 0.0
1529523860.18719, 0.0, 0.272727272727, 0.15, 0.157894736842, 0.0, 0.0
1529523860.3001902, 0.0, 0.272727272727, 0.15, 0.157894736842, 0.0, 0.0
1529523860.48019, 0.0, 0.318181818182, 0.15, 0.157894736842, 0.0, 0.0
1529523860.63819, 0.0, 0.318181818182, 0.15, 0.157894736842, 0.0, 0.0
1529523860.77619, 0.0, 0.272727272727, 0.15, 0.157894736842, 0.0, 0.181818181818
1529523860.9361901, 0.0, 0.227272727273, 0.15, 0.157894736842, 0.0, 0.363636363636
1529523861.1481903, 0.0, 0.227272727273, 0.15, 0.157894736842, 0.0, 0.363636363636
1529523861.3401902, 0.0, 0.318181818182, 0.15, 0.157894736842, 0.0, 0.454545454545
1529523861.58219, 0.0, 0.363636363636, 0.15, 0.157894736842, 0.0, 0.454545454545
1529523861.8011901, 0.0, 0.409090909091, 0.15, 0.157894736842, 0.0, 0.454545454545
1529523862.04519, 0.0, 0.318181818182, 0.15, 0.157894736842, 0.0, 0.454545454545
1529523862.22319, 0.0, 0.272727272727, 0.15, 0.157894736842, 0.0, 0.454545454545
1529523862.3491902, 0.0, 0.136363636364, 0.15, 0.157894736842, 0.0, 0.454545454545
1529523862.56219, 0.0, 0.272727272727, 0.15, 0.157894736842, 0.0, 0.454545454545
1529523862.7611902, 0.0, 0.272727272727, 0.15, 0.157894736842, 0.0, 0.454545454545
1529523862.92419, 0.0, 0.272727272727, 0.15, 0.157894736842, 0.0, 0.454545454545
1529523863.1761901, 0.0, 0.272727272727, 0.15, 0.157894736842, 0.0, 0.454545454545
1529523863.32119, 0.0, 0.272727272727, 0.15, 0.157894736842, 0.0, 0.454545454545
1529523863.4651902, 0.0, 0.227272727273, 0.15, 0.157894736842, 0.0, 0.454545454545
1529523863.6391902, 0.0, 0.227272727273, 0.15, 0.157894736842, 0.0, 0.454545454545
1529523863.87719, 0.0, 0.227272727273, 0.15, 0.157894736842, 0.0, 0.454545454545
1529523864.0611901, 0.0, 0.181818181818, 0.15, 0.157894736842, 0.0, 0.454545454545
1529523864.2011902, 0.0, 0.318181818182, 0.15, 0.157894736842, 0.0, 0.454545454545
1529523864.43719, 0.0, 0.227272727273, 0.15, 0.157894736842, 0.05, 0.454545454545
1529523864.6421902, 0.0, 0.272727272727, 0.15, 0.157894736842, 0.1, 0.454545454545
1529523864.7811902, 0.0, 0.181818181818, 0.15, 0.157894736842, 0.05, 0.454545454545
1529523865.0051901, 0.0, 0.272727272727, 0.15, 0.157894736842, 0.05, 0.454545454545
1529523865.21719, 0.0, 0.227272727273, 0.15, 0.157894736842, 0.05, 0.454545454545
1529523865.4151902, 0.0, 0.181818181818, 0.15, 0.157894736842, 0.0, 0.454545454545
1529523865.65419, 0.0, 0.181818181818, 0.15, 0.157894736842, 0.0, 0.454545454545
1529523865.8851902, 0.0, 0.181818181818, 0.15, 0.157894736842, 0.0, 0.454545454545
1529523866.08219, 0.0, 0.181818181818, 0.15, 0.157894736842, 0.0, 0.454545454545
1529523866.2681901, 0.0, 0.0909090909091, 0.15, 0.157894736842, 0.05, 0.454545454545
1529523866.4551902, 0.0, 0.181818181818, 0.2, 0.157894736842, 0.05, 0.454545454545
1529523866.70019, 0.0, 0.181818181818, 0.2, 0.157894736842, 0.0, 0.454545454545
1529523866.89119, 0.0, 0.227272727273, 0.2, 0.157894736842, 0.05, 0.454545454545
1529523867.07819, 0.0, 0.181818181818, 0.2, 0.157894736842, 0.05, 0.454545454545
1529523867.30919, 0.0, 0.136363636364, 0.15, 0.157894736842, 0.05, 0.454545454545
1529523867.54819, 0.0, 0.136363636364, 0.15, 0.157894736842, 0.05, 0.454545454545
1529523867.8231902, 0.0, 0.227272727273, 0.1, 0.157894736842, 0.1, 0.454545454545
1529523868.0071902, 0.0, 0.227272727273, 0.1, 0.210526315789, 0.1, 0.454545454545
1529523868.14719, 0.0, 0.272727272727, 0.1, 0.210526315789, 0.15, 0.454545454545
1529523868.30219, 0.0, 0.227272727273, 0.1, 0.210526315789, 0.05, 0.454545454545
1529523868.5181901, 0.0, 0.181818181818, 0.1, 0.210526315789, 0.05, 0.454545454545
1529523868.7021902, 0.0, 0.181818181818, 0.1, 0.210526315789, 0.05, 0.454545454545
1529523868.85819, 0.0, 0.181818181818, 0.1, 0.210526315789, 0.0, 0.454545454545
1529523869.09519, 0.0, 0.181818181818, 0.1, 0.210526315789, 0.0, 0.454545454545
1529523869.25619, 0.0, 0.181818181818, 0.1, 0.210526315789, 0.05, 0.454545454545
1529523869.3891902, 0.0, 0.181818181818, 0.1, 0.210526315789, 0.05, 0.454545454545
1529523869.5371902, 0.0, 0.181818181818, 0.1, 0.210526315789, 0.05, 0.454545454545
1529523869.7091901, 0.0, 0.181818181818, 0.1, 0.210526315789, 0.05, 0.454545454545
1529523869.9291902, 0.333333333333, 0.0909090909091, 0.1, 0.210526315789, 0.05, 0.454545454545
1529523870.0841901, 0.25, 0.0909090909091, 0.1, 0.210526315789, 0.1, 0.454545454545
1529523870.22319, 0.25, 0.136363636364, 0.1, 0.210526315789, 0.1, 0.454545454545
1529523870.36519, 0.25, 0.227272727273, 0.1, 0.210526315789, 0.1, 0.454545454545
1529523870.56919, 0.166666666667, 0.181818181818, 0.1, 0.210526315789, 0.0, 0.454545454545
1529523870.78619, 0.0833333333333, 0.227272727273, 0.1, 0.210526315789, 0.0, 0.454545454545
1529523870.9281902, 0.0, 0.227272727273, 0.1, 0.210526315789, 0.0, 0.454545454545
1529523871.1301901, 0.0, 0.181818181818, 0.1, 0.210526315789, 0.0, 0.454545454545
1529523871.28219, 0.0, 0.181818181818, 0.1, 0.210526315789, 0.05, 0.454545454545
1529523871.40019, 0.0, 0.0909090909091, 0.1, 0.210526315789, 0.05, 0.454545454545
1529523871.6291902, 0.0, 0.181818181818, 0.1, 0.210526315789, 0.05, 0.454545454545
1529523871.73919, 0.0, 0.181818181818, 0.1, 0.210526315789, 0.15, 0.454545454545
1529523871.87819, 0.0, 0.181818181818, 0.1, 0.210526315789, 0.05, 0.454545454545
1529523872.0181901, 0.0, 0.181818181818, 0.1, 0.210526315789, 0.0, 0.454545454545
1529523872.1621902, 0.0, 0.136363636364, 0.1, 0.210526315789, 0.0, 0.454545454545
1529523872.3041902, 0.0, 0.181818181818, 0.1, 0.210526315789, 0.0, 0.454545454545
1529523872.5171902, 0.0, 0.136363636364, 0.1, 0.210526315789, 0.0, 0.454545454545
1529523872.6691902, 0.0, 0.181818181818, 0.1, 0.210526315789, 0.0, 0.454545454545
1529523872.8561902, 0.0, 0.227272727273, 0.1, 0.210526315789, 0.0, 0.454545454545
1529523873.0311902, 0.0, 0.227272727273, 0.1, 0.210526315789, 0.05, 0.454545454545
1529523873.2191901, 0.0, 0.0909090909091, 0.1, 0.210526315789, 0.1, 0.454545454545
1529523873.4251902, 0.0, 0.136363636364, 0.1, 0.210526315789, 0.05, 0.454545454545
1529523873.5761902, 0.0, 0.136363636364, 0.1, 0.210526315789, 0.1, 0.454545454545
1529523873.7091901, 0.0, 0.181818181818, 0.1, 0.210526315789, 0.0, 0.454545454545
1529523873.8951902, 0.0, 0.136363636364, 0.1, 0.210526315789, 0.0, 0.454545454545
1529523874.0991902, 0.0, 0.0909090909091, 0.1, 0.210526315789, 0.0, 0.454545454545
1529523874.2801902, 0.0, 0.0909090909091, 0.1, 0.210526315789, 0.1, 0.454545454545
1529523874.4911902, 0.0, 0.0909090909091, 0.1, 0.210526315789, 0.1, 0.454545454545
1529523874.70319, 0.0, 0.0909090909091, 0.1, 0.210526315789, 0.1, 0.454545454545
1529523874.89119, 0.0, 0.0909090909091, 0.1, 0.210526315789, 0.05, 0.454545454545
1529523875.04219, 0.0, 0.0454545454545, 0.1, 0.210526315789, 0.05, 0.454545454545
1529523875.2271903, 0.0, 0.0454545454545, 0.1, 0.210526315789, 0.0, 0.454545454545
1529523875.41419, 0.0, 0.0454545454545, 0.1, 0.210526315789, 0.15, 0.454545454545
1529523875.60119, 0.0, 0.0454545454545, 0.1, 0.210526315789, 0.15, 0.454545454545
1529523875.8011901, 0.0, 0.0909090909091, 0.1, 0.210526315789, 0.0, 0.454545454545
1529523875.9921901, 0.0, 0.0909090909091, 0.1, 0.210526315789, 0.0, 0.454545454545
1529523876.13419, 0.0, 0.0909090909091, 0.1, 0.210526315789, 0.0, 0.454545454545
1529523876.2681901, 0.0, 0.0909090909091, 0.1, 0.210526315789, 0.0, 0.454545454545
1529523876.4381902, 0.0, 0.0909090909091, 0.1, 0.210526315789, 0.0, 0.454545454545
1529523876.6521902, 0.0, 0.0909090909091, 0.1, 0.210526315789, 0.05, 0.454545454545
1529523876.85819, 0.0, 0.0454545454545, 0.1, 0.157894736842, 0.15, 0.454545454545
1529523877.05219, 0.0, 0.0454545454545, 0.1, 0.157894736842, 0.05, 0.454545454545
1529523877.2051902, 0.0, 0.136363636364, 0.1, 0.157894736842, 0.05, 0.454545454545
1529523877.4251902, 0.0, 0.181818181818, 0.1, 0.157894736842, 0.0, 0.454545454545
1529523877.6061902, 0.0, 0.227272727273, 0.1, 0.157894736842, 0.1, 0.454545454545
1529523877.7971902, 0.0, 0.227272727273, 0.1, 0.157894736842, 0.15, 0.454545454545
1529523877.9361901, 0.0, 0.227272727273, 0.1, 0.157894736842, 0.05, 0.454545454545
1529523878.06519, 0.0, 0.227272727273, 0.1, 0.157894736842, 0.0, 0.454545454545
1529523878.2191901, 0.0, 0.227272727273, 0.1, 0.157894736842, 0.0, 0.454545454545
1529523878.34819, 0.0, 0.181818181818, 0.1, 0.157894736842, 0.0, 0.454545454545
1529523878.50919, 0.0, 0.136363636364, 0.1, 0.157894736842, 0.05, 0.454545454545
1529523878.6591902, 0.0, 0.136363636364, 0.1, 0.157894736842, 0.1, 0.454545454545
1529523878.8821902, 0.0, 0.136363636364, 0.1, 0.157894736842, 0.05, 0.454545454545
1529523879.0861902, 0.0, 0.136363636364, 0.1, 0.157894736842, 0.0, 0.454545454545
1529523879.24019, 0.0, 0.136363636364, 0.1, 0.157894736842, 0.0, 0.454545454545
1529523879.47319, 0.0, 0.136363636364, 0.1, 0.157894736842, 0.0, 0.454545454545
1529523879.69319, 0.0, 0.136363636364, 0.1, 0.157894736842, 0.0, 0.454545454545
1529523879.8601902, 0.0, 0.136363636364, 0.1, 0.157894736842, 0.0, 0.454545454545
1529523880.00219, 0.166666666667, 0.136363636364, 0.1, 0.157894736842, 0.0, 0.454545454545
1529523880.22919, 0.5, 0.0909090909091, 0.1, 0.157894736842, 0.0, 0.454545454545
1529523880.3521903, 0.416666666667, 0.0909090909091, 0.1, 0.157894736842, 0.0, 0.454545454545
1529523880.47619, 0.416666666667, 0.0909090909091, 0.1, 0.157894736842, 0.0, 0.454545454545
1529523880.64119, 0.416666666667, 0.0909090909091, 0.1, 0.157894736842, 0.0, 0.454545454545
1529523880.85419, 0.416666666667, 0.0909090909091, 0.1, 0.157894736842, 0.0, 0.454545454545
1529523881.0001903, 0.416666666667, 0.0909090909091, 0.1, 0.157894736842, 0.0, 0.454545454545
1529523881.1531901, 0.333333333333, 0.0909090909091, 0.1, 0.157894736842, 0.0, 0.454545454545
1529523881.3271902, 0.25, 0.136363636364, 0.1, 0.157894736842, 0.0, 0.454545454545
1529523881.4821901, 0.25, 0.181818181818, 0.1, 0.157894736842, 0.0, 0.454545454545
1529523881.6061902, 0.0, 0.181818181818, 0.1, 0.157894736842, 0.0, 0.454545454545
1529523881.7221901, 0.0, 0.227272727273, 0.1, 0.157894736842, 0.0, 0.454545454545
1529523881.9261901, 0.0, 0.181818181818, 0.1, 0.157894736842, 0.0, 0.454545454545
1529523882.0601902, 0.0, 0.136363636364, 0.1, 0.157894736842, 0.0, 0.454545454545
1529523882.19319, 0.0, 0.136363636364, 0.1, 0.157894736842, 0.0, 0.454545454545