,0,0
,0,0
,0,0
,0,0
,0,0
,0,0.04315352697095432
,0,0.04481327800829868
,0,0.059751037344398315
,0,0.051452282157676284
,0,0.059751037344398315
,0,0.05809128630705388
,0,0.04647302904564319
,0,0.053112033195020794
,0,0.061410788381742826
,0,0.03485477178423243
,0,0.04813278008298763
,0,0.03817427385892123
,0,0.04647302904564319
,0,0.04481327800829883
,0,0
,0,0
,0,0
,0,0
,0,0
,0,0
,0,0
,0,0
,0,0
,0,0
,0,0
,0,0.0007966804979253007
,0,0.004979253112033236
,0,0.006639004149377599
,0,0.006639004149377599
,0,0.008298755186721962
,0,0.004979253112033236
,0,0.006639004149377599
,0,0.006639004149377599
,0,0.03651452282157679
,0,0.03485477178423236
,0,0.044813278008298756
,0,0.03485477178423236
,0,0.03213278008298767
,0,0.04733609958506233
,0,0.02443153526970956
,0,0.025958506224066376
,0,0.018323651452282038
,0,0.015535269709543675
,0,0.007568464730290516
,0,0.012547717842323702
,0,0.0097593360995851
,0,0.002921161825726081
,0,0
,0,0
,0,0
,0,0
,0,0
,0,0
,0,0
,0,0
,0,0
,0,0
,0,0
,0,0
,0,0
,0,0
,0,0
,0,0
,0,0
,0,0
,0,0
,0,0
,0,0
,0,0
,0,0
,0,0
,0,0
,0,0
,0,0
,0,0
,0,0
,0,0
,0,0
,0,0
,0,0
,0,0
,0,0
,0,0
,0,0
,0,0
,0,0
,0,0
,0,0
,0,0
,0,0
,0,0
,0,0
,0,0
,0,0
,0,0
,0,0
,0,0
,0,0
,0,0
,0,0
,0,0
,0,0
,0,0
,0,0
,0,0
,0,0
,0,0
,0,0
,0,0
,0,0
,0,0
,0,0
,0,0
,0,0
,0,0
,0,0
,0,0
,0,0
,0,0
,0,0
,0,0
,0,0
,0,0
,0,0
,0,0
,0,0
,0,0
,0,0
,0,0
,0,0
,0,0
,0,0
,0,0
,0,0
,0,0
,0,0
,0,0
,0,0
,0,0
,0,0
,0,0
,0,0
,0,0
,0,0
,0,0
,0,0
,0,0
,0,0
,0,0
,0,0
,0,0
,0,0
,0,0
,0,0
,0,0
,0,0
,0,0
,0,0
,0,0
,0,0
,0,0
,0,0
,0,0
,0,0
,0,0
,0,0
,0,0
,0,0
,0,0
,0,0
,0,0
,0,0
,0,0
,0,0
,0,0
,0,0
,0,0
,0,0
,0,0
,0,0
,0,0
,0,0
,0,0
,0,0
,0,0
,0,0
,0,0
,0,0
,0,0
,0,0
,0,0
,0,0
,0,0
,0,0
,0,0
,0,0
,0,0
,0,0
,0,0
,0,0
,0,0
,0,0
,0,0
,0,0
,0,0
,0,0
,0,0
,0,0
,0,0
,0,0
,0,0
,0,0
,0,0
,0,0
,0,0
,0,0
,0,0
,0,0
,0,0
,0,0
,0,0
,0,0
,0,0
,0,0
,0,0
,0,0
,0,0
,0,0
,0,0
,0,0
,0,0
,0,0
,0,0
,0,0
,0,0
,0,0
,0,0
,0,0
,0,0
,0,0
,0,0
,0,0
,0,0
,0,0
,0,0
,0,0
,0,0
,0,0
,0,0
,0,0
,0,0
,0,0
,0,0
,0,0
,0,0
,0,0
,0,0
,0,0
,0,0
,0,0
,0,0
,0,0
,0,0
,0,0
,0,0
,0,0
,0,0
,0,0
,0,0
,0,0
,0,0
,0,0
,0,0
,0,0
,0,0
,0,0
,0,0
,0,0
,0,0
,0,0
,0,0
,0,0
,0,0
,0,0
,0,0
,0,0
,0,0
,0,0
,0,0
,0,0
,0,0
,0,0
,0,0
,0,0
,0,0
,0,0
,0,0
,0,0
,0,0
,0,0
,0,0
,0,0
,0,0
,0,0
,0,0
,0,0
,0,0
,0,0
,0,0
,0,0
,0,0
,0,0
,0,0
,0,0
,0,0
,0,0
,0,0
,0,0.014340248962655662
,0,0
,0,0
,0,0
,0,0
,0,0
,0,0
,0,0
,0,0
,0,0
,0,0
,0,0
,0,0
,0,0
,0,0
,0,0
,0,0
,0,0
,0,0
,0,0
,0,0
,0,0
,0,0
,0,0
,0,0
,0,0
,0,0
,0,0
,0,0
,0,0
,0,0
,0,0
,0,0
,0,0
,0,0
,0,0
,0,0
,0,0
,0,0
,0,0
,0,0
,0,0
,0,0
,0,0
,0,0
,0,0
,0,0.004780082987551911
,0,0.015136929460580885
,0,0.015136929460580885
,0,0.023236514522821522
,0,0.019917012448132796
,0,0.02157676348547716
,0,0.019518672199170157
,0,0.011219917012448191
,0,0.007966804979253138
,0,0.0
,0,0.0017261410788381362
,0,0
,0,0
,0,0
,0,0
,0,0
,0,0
,0,0
,0,0
,0,0
,0,0
,0,0
,0,0
,0,0
,0,0
,0,0
,0,0
,0,0
,0,0
,0,0
,0,0
,0,0
,0,0
,0,0
,0,0
,0,0
,0,0
,0,0
,0,0
,0,0
,0,0
,0,0
,0,0
,0,0.002589211618257204
,0,0.012946058091286414
,0,0.017261410788381785
,0,0.02390041493775941
,0,0.024896265560166032
,0,0.02044813278008313
,0,0.02323651452282167
,0,0.013012448132780104
,0,0.0
,0,0.00464730290456437
,0,0.0008630705394190739
,0,0
,0,0.00956016597510368
,0,0
,0,0
,0,0.0008630705394190681
,0,0
,0,0
,0,0
,0,0
,0,0
,0,0
,0,0
,0,0
,0,0
,0,0
,0,0
,0,0
,0,0
,0,0
,0,0
,0,0
,0,0
,0,0
,0,0
,0,0
,0,0
,0,0
,0,0
,0,0
,0,0
,0,0
,0,0
,0,0
,0,0
,0,0
,0,0
,0,0
,0,0
,0,0
,0,0
,0,0
,0,0
,0,0
,0,0
,0,0
,0,0
,0,0
,0,0
,0,0
,0,0
,0,0
,0,0
,0,0
,0,0
,0,0
,0,0
,0,0
,0,0
,0,0
,0,0
,0,0
,0,0
,0,0.01998340248962662
,0,0
,0,0
,0,0
,0,0
,0,0
,0,0
,0,0
,0,0
,0,0
,0,0
,0,0
,0,0
,0,0
,0,0
,0,0
,0,0
,0,0
,0,0
,0,0
,0,0
,0,0
,0,0
,0,0
,0,0
,0,0
,0,0
,0,0
,0,0
,0,0
,0,0
,0,0
,0,0
,0,0
,0,0
,0,0
,0,0
,0,0
,0,0
,0,0
,0,0
,0,0
,0,0
,0,0
,0,0
,0,0
,0,0
,0,0
,0,0
,0,0
,0,0
,0,0
,0,0
,0,0
,0,0
,0,0
,0,0
,0,0
,0,0
,0,0
,0,0
,0,0
,0,0
,0,0
,0,0
,0,0
,0,0
,0,0
,0,0
,0,0
,0,0
,0,0
,0,0
,0,0
,0,0
,0,0
,0,0
,0,0
,0,0
,0,0
,0,0
,0,0
,0,0
,0,0
,0,0
,0,0
,0,0
,0,0
,0,0
,0,0
,0,0
,0,0
,0,0
,0,0
,0,0
,0,0
,0,0
,0,0
,0,0
,0,0
,0,0
,0,0
,0,0
,0,0
,0,0
,0,0
,0,0
,0,0
,0,0
,0,0
,0,0
,0,0
,0,0
,0,0
,0,0
,0,0
,0,0
,0,0
,0,0
,0,0
,0,0
,0,0
,0,0
,0,0
,0,0
,0,0
,0,0
,0,0
,0,0
,0,0
,0,0
,0,0
,0,0
,0,0
,0,0
,0,0
,0,0
,0,0
,0,0
,0,0
,0,0
,0,0
,0,0
,0,0
,0,0
,0,0
,0,0
,0,0
,0,0
,0,0
,0,0
,0,0
,0,0
,0,0
,0,0
,0,0
,0,0
,0,0
,0,0
,0,0
,0,0
,0,0
,0,0
,0,0
,0,0
,0,0
,0,0
,0,0
,0,0
,0,0.0195186721991702
,0,0
,0,0
,0,0
,0,0
,0,0
,0,0
,0,0
,0,0
,0,0
,0,0
,0,0
,0,0
,0,0
,0,0
,0,0
,0,0
,0,0
,0,0
,0,0
,0,0
,0,0
,0,0
,0,0
,0,0
,0,0
,0,0
,0,0
,0,0
,0,0
,0,0
,0,0
,0,0
,0,0
,0,0
,0,0
,0,0
,0,0
,0,0
,0,0
,0,0
,0,0
,0,0
,0,0
,0,0
,0,0
,0,0
,0,0
,0,0
,0,0
,0,0
,0,0
,0,0
,0,0
,0,0
,0,0
,0,0
,0,0
,0,0
,0,0
,0,0
,0,0
,0,0
,0,0
,0,0
,0,0
,0,0
,0,0
,0,0
,0,0
,0,0
,0,0
,0,0
,0,0
,0,0
,0,0
,0,0
,0,0
,0,0
,0,0
,0,0
,0,0
,0,0
,0,0
,0,0
,0,0
,0,0
,0,0
,0,0
,0,0
,0,0
,0,0
,0,0
,0,0
,0,0
,0,0
,0,0
,0,0
,0,0
,0,0
,0,0
,0,0
,0,0
,0,0
,0,0
,0,0
,0,0
,0,0
,0,0
,0,0
,0,0
,0,0
,0,0
,0,0
,0,0
,0,0
,0,0
,0,0
,0,0
,0,0
,0,0
,0,0
,0,0
,0,0
,0,0
,0,0
,0,0
,0,0
,0,0
,0,0
,0,0
,0,0
,0,0
,0,0
,0,0
,0,0
,0,0
,0,0
,0,0
,0,0
,0,0
,0,0
,0,0
,0,0
,0,0
,0,0
,0,0
,0,0
,0,0
,0,0
,0,0
,0,0
,0,0
,0,0
,0,0
,0,0
,0,0
,0,0
,0,0
,0,0
,0,0
,0,0
,0,0
,0,0
,0,0
,0,0
,0,0
,0,0
,0,0
,0,0
,0,0
,0,0
,0,0
,0,0
,0,0
,0,0
,0,0
,0,0
,0,0
,0,0
,0,0
,0,0
,0,0
,0,0
,0,0
,0,0
,0,0
,0,0
,0,0
,0,0
,0,0
,0,0
,0,0
,0,0
,0,0
,0,0
,0,0
,0,0
,0,0
,0,0
,0,0
,0,0
,0,0
,0,0
,0,0
,0,0
,0,0
,0,0
,0,0
,0,0
,0,0
,0,0
,0,0
,0,0
,0,0
,0,0
,0,0
,0,0
,0,0
,0,0
,0,0
,0,0
,0,0
,0,0
,0,0
,0,0
,0,0
,0,0
,0,0
,0,0
,0,0
,0,0
,0,0
,0,0
,0,0
,0,0
,0,0
,0,0
,0,0
,0,0
,0,0
,0,0
,0,0
,0,0
,0,0
,0,0
,0,0
,0,0
,0,0
,0,0
,0,0
,0,0
,0,0
,0,0
,0,0
,0,0
,0,0
,0,0
,0,0
,0,0
,0,0
,0,0
,0,0
,0,0
,0,0
,0,0
,0,0
,0,0
,0,0
,0,0
,0,0
,0,0
,0,0
,0,0
,0,0
,0,0
,0,0
,0,0
,0,0
,0,0
,0,0
,0,0
,0,0
,0,0
,0,0
,0,0
,0,0
,0,0
,0,0
,0,0
,0,0
,0,0
,0,0
,0,0
,0,0
,0,0
,0,0
,0,0
,0,0
,0,0
,0,0
,0,0
,0,0
,0,0
,0,0
,0,0
,0,0
,0,0
,0,0
,0,0
,0,0
,0,0
,0,0
,0,0
,0,0
,0,0
,0,0
,0,0
,0,0
,0,0
,0,0
,0,0
,0,0
,0,0
,0,0
,0,0
,0,0
,0,0
,0,0
,0,0
,0,0
,0,0
,0,0
,0,0
,0,0
,0,0
,0,0
,0,0
,0,0
,0,0
,0,0
,0,0
,0,0
,0,0
,0,0
,0,0
,0,0
,0,0
,0,0
,0,0
,0,0
,0,0
,0,0
,0,0
,0,0
,0,0
,0,0
,0,0
,0,0
,0,0
,0,0
,0,0
,0,0
,0,0
,0,0
,0,0
,0,0
,0,0
,0,0
,0,0
,0,0
,0,0
,0,0
,0,0
,0,0
,0,0
,0,0
,0,0
,0,0
,0,0
,0,0
,0,0
,0,0
,0,0
,0,0
,0,0
,0,0
,0,0
,0,0
,0,0
,0,0
,0,0
,0,0
,0,0
,0,0
,0,0
,0,0
,0,0
,0,0
,0,0
,0,0
,0,0
,0,0
,0,0
,0,0
,0,0
,0,0
,0,0
,0,0
,0,0
,0,0
,0,0
,0,0
,0,0
,0,0
,0,0
,0,0
,0,0
,0,0
,0,0
,0,0
,0,0
,0,0
,0,0
,0,0
,0,0
,0,0
,0,0
,0,0
,0,0
,0,0
,0,0
,0,0
,0,0
,0,0
,0,0
,0,0
,0,0
,0,0
,0,0
,0,0
,0,0
,0,0
,0,0
,0,0
,0,0
,0,0
,0,0
,0,0
,0,0
,0,0
,0,0
,0,0
,0,0
,0,0
,0,0
,0,0
,0,0
,0,0
,0,0
,0,0
,0,0
,0,0
,0,0
,0,0
,0,0
,0,0
,0,0
,0,0
,0,0
,0,0
,0,0
,0,0
,0,0
,0,0
,0,0
,0,0
,0,0
,0,0
,0,0
,0,0
,0,0
,0,0
,0,0
,0,0
,0,0
,0,0
,0,0
,0,0
,0,0
,0,0
,0,0
,0,0
,0,0
,0,0
,0,0
,0,0
,0,0
,0,0
,0,0
,0,0
,0,0
,0,0
,0,0
,0,0
,0,0
,0,0
,0,0
,0,0
,0,0
,0,0
,0,0
,0,0
,0,0
,0,0
,0,0
,0,0
,0,0
,0,0
,0,0
,0,0
,0,0
,0,0
,0,0
,0,0
,0,0
,0,0
,0,0
,0,0
,0,0
,0,0
,0,0
,0,0
,0,0
,0,0
,0,0
,0,0
,0,0
,0,0
,0,0
,0,0
,0,0
,0,0
,0,0
,0,0
,0,0
,0,0
,0,0
,0,0
,0,0
,0,0
,0,0
,0,0
,0,0
,0,0
,0,0
,0,0
,0,0
,0,0
,0,0
,0,0
,0,0
,0,0
,0,0
,0,0
,0,0
,0,0
,0,0
,0,0
,0,0
,0,0
,0,0
,0,0
,0,0
,0,0
,0,0
,0,0
,0,0
,0,0
,0,0
,0,0
,0,0
,0,0
,0,0
,0,0
,0,0
,0,0
,0,0
,0,0
,0,0
,0,0
,0,0
,0,0
,0,0
,0,0
,0,0
,0,0
,0,0
,0,0
,0,0
,0,0
,0,0
,0,0
,0,0
,0,0
,0,0
,0,0
,0,0
,0,0
,0,0
,0,0
,0,0
,0,0
,0,0
,0,0
,0,0
,0,0
,0,0
,0,0
,0,0
,0,0
,0,0
,0,0
,0,0
,0,0
,0,0
,0,0
,0,0
,0,0
,0,0
,0,0
,0,0
,0,0
,0,0
,0,0
,0,0
,0,0
,0,0
,0,0
,0,0
,0,0
,0,0
,0,0
,0,0
,0,0
,0,0
,0,0
,0,0
,0,0
,0,0
,0,0
,0,0
,0,0
,0,0
,0,0
,0,0
,0,0
,0,0
,0,0
,0,0
,0,0
,0,0
,0,0
,0,0
,0,0
,0,0
,0,0
,0,0
,0,0
,0,0
,0,0
,0,0
,0,0
,0,0
,0,0
,0,0
,0,0
,0,0
,0,0
,0,0
,0,0
,0,0
,0,0
,0,0
,0,0
,0,0
,0,0
,0,0
,0,0
,0,0
,0,0
,0,0
,0,0
,0,0
,0,0
,0,0
,0,0
,0,0
,0,0
,0,0
,0,0
,0,0
,0,0
,0,0
,0,0
,0,0
,0,0
,0,0
,0,0
,0,0
,0,0
,0,0
,0,0
,0,0
,0,0
,0,0
,0,0
,0,0
,0,0
,0,0
,0,0
,0,0
,0,0
,0,0
,0,0
,0,0
,0,0
,0,0
,0,0
,0,0
,0,0
,0,0
,0,0
,0,0
,0,0
,0,0
,0,0
,0,0
,0,0
,0,0
,0,0
,0,0
,0,0
,0,0
,0,0
,0,0
,0,0
,0,0
,0,0
,0,0
,0,0
,0,0
,0,0
,0,0
,0,0
,0,0
,0,0
,0,0
,0,0
,0,0
,0,0
,0,0
,0,0
,0,0
,0,0
,0,0
,0,0
,0,0
,0,0
,0,0
,0,0
,0,0
,0,0
,0,0
,0,0
,0,0
,0,0
,0,0
,0,0
,0,0
,0,0
,0,0
,0,0
,0,0
,0,0
,0,0
,0,0
,0,0
,0,0
,0,0
,0,0
,0,0
,0,0
,0,0
,0,0
,0,0
,0,0
,0,0
,0,0
,0,0
,0,0
,0,0
,0,0
,0,0
,0,0
,0,0
,0,0
,0,0
,0,0
,0,0
,0,0
,0,0
,0,0
,0,0
,0,0
,0,0
,0,0
,0,0
,0,0
,0,0
,0,0
,0,0
,0,0
,0,0
,0,0
,0,0
,0,0
,0,0
,0,0
,0,0
,0,0
,0,0
,0,0
,0,0
,0,0
,0,0
,0,0
,0,0
,0,0
,0,0
,0,0
,0,0
,0,0
,0,0
,0,0
,0,0
,0,0
,0,0
,0,0.0001991701244813193
,0,0.0031867219917012736
,0,0.023900414937759212
,0,0.022307053941908822
,0,0.02987551867219912
,0,0.026556016597510397
,0,0.02987551867219912
,0,0.02549377593361
,0,0.020315352697095394
,0,0.010157676348547697
,0,0.01380912863070549
,0,0.0009958506224066201
,0,0.0039834024896264805
,0,0.0011286307053941663
,0,0.008365145228215787
,0,0
,0,0.0
,0,0.005311203319502155
,0,0.0003319502074688773
,0,0
,0,0
,0,0
,0,0
,0,0
,0,0
,0,0
,0,0
,0,0
,0,0
,0,0
,0,0
,0,0
,0,0
,0,0.012547717842323723
,0,0.011153526970954364
,0,0.011684647302904609
,0,0.02708713692946059
,0,0.024431535269709512
,0,0.03485477178423236
,0,0.04149377593360996
,0,0
,0,0.04647302904564319
,0,0.02270539419087138
,0,0
,0,0.04149377593360996
,0,0.04149377593360996
,0,0
,0,0.024165975103734517
,0,0.03346058091286323
,0,0.018987551867219805
,0,0.03983402489626559
,0,0.018987551867219805
,0,0.02821576763485476
,0,0.0014605809128630377
,0,0.00829875518672211
,0,0.01553526970954353
,0,0
,0,0
,0,0
,0,0
,0,0
,0,0
,0,0
,0,0
,0,0
,0,0
,0,0
,0,0
,0,0
,0,0
,0,0
,0,0
,0,0
,0,0
,0,0
,0,0
,0,0
,0,0
,0,0
,0,0
,0,0
,0,0
,0,0
,0,0
,0,0
,0,0
,0,0
,0,0
,0,0
,0,0
,0,0
,0,0
,0,0
,0,0
,0,0
,0,0
,0,0.0
,0,0.005643153526971032
,0,0.004780082987551911
,0,0.010954356846472996
,0,0.0025892116182573573
,0,0.003186721991701179
,0,0.02549377593361
,0,0.003186721991701179
,0,0.0008630705394190681
,0,0
,0,0
,0,0.012746887966805
,0,0.01805809128630706
,0,0
,0,0.0055767634854772055
,0,0.005311203319501942
,0,0
,0,0
,0,0
,0,0
,0,0
,0,0
,0,0
,0,0
,0,0
,0,0
,0,0
,0,0
,0,0
,0,0
,0,0
,0,0
,0,0
,0,0
,0,0
,0,0
,0,0
,0,0
,0,0
,0,0
,0,0
,0,0
,0,0
,0,0
,0,0
,0,0
,0,0
,0,0
,0,0
,0,0
,0,0
,0,0
,0,0
,0,0
,0,0
,0,0
,0,0
,0,0
,0,0
,0,0
,0,0
,0,0
,0,0
,0,0
,0,0
,0,0
,0,0
,0,0
,0,0
,0,0
,0,0
,0,0
,0,0
,0,0
,0,0
,0,0
,0,0
,0,0
,0,0
,0,0
,0,0
,0,0
,0,0
,0,0
,0,0
,0,0
,0,0
,0,0
,0,0
,0,0
,0,0
,0,0
,0,0
,0,0
,0,0
,0,0
,0,0
,0,0
,0,0
,0,0
,0,0
,0,0
,0,0
,0,0
,0,0
,0,0
,0,0
,0,0
,0,0
,0,0
,0,0
,0,0
,0,0
,0,0
,0,0
,0,0
,0,0
,0,0
,0,0
,0,0
,0,0
,0,0
,0,0
,0,0
,0,0
,0,0
,0,0
,0,0
,0,0
,0,0
,0,0
,0,0
,0,0
,0,0
,0,0
,0,0
,0,0
,0,0
,0,0
,0,0
,0,0
,0,0
,0,0
,0,0
,0,0
,0,0
,0,0
,0,0
,0,0
,0,0
,0,0
,0,0
,0,0
,0,0
,0,0
,0,0
,0,0
,0,0
,0,0
,0,0
,0,0
,0,0
,0,0
,0,0
,0,0
,0,0
,0,0
,0,0
,0,0
,0,0
,0,0
,0,0
,0,0
,0,0.000929460580912847
,0,0.008365145228215682
,0,0.009294605809128635
,0,0.011618257261410688
,0,0.005576763485477164
,0,0.003983402489626515
,0,0.0004647302904564235
,0,0
,0,0
,0,0.002124481327800786
,0,0.0011950207468879334
,0,0
,0,0
,0,0
,0,0
,0,0
,0,0
,0,0
,0,0
,0,0
,0,0
,0,0
,0,0
,0,0
,0,0
,0,0
,0,0
,0,0
,0,0
,0,0
,0,0
,0,0
,0,0
,0,0
,0,0
,0,0
,0,0
,0,0
,0,0
,0,0
,0,0
,0,0
,0,0
,0,0
,0,0
,0,0
,0,0
,0,0
,0,0
,0,0
,0,0
,0,0
,0,0
,0,0
,0,0
,0,0
,0,0
,0,0
,0,0
,0,0
,0,0
,0,0
,0,0
,0,0
,0,0
,0,0
,0,0
,0,0
,0,0
,0,0
,0,0
,0,0
,0,0
,0,0
,0,0
,0,0
,0,0
,0,0
,0,0
,0,0
,0,0
,0,0
,0,0
,0,0
,0,0
,0,0
,0,0
,0,0
,0,0
,0,0
,0,0
,0,0
,0,0
,0,0
,0,0
,0,0
,0,0
,0,0
,0,0
,0,0
,0,0
,0,0
,0,0
,0,0
,0,0
,0,0
,0,0
,0,0
,0,0
,0,0
,0,0
,0,0
,0,0
,0,0
,0,0
,0,0
,0,0
,0,0
,0,0
,0,0
,0,0
,0,0
,0,0
,0,0
,0,0
,0,0
,0,0
,0,0
,0,0
,0,0
,0,0
,0,0
,0,0
,0,0
,0,0
,0,0
,0,0
,0,0
,0,0
,0,0
,0,0
,0,0
,0,0
,0,0
,0,0
,0,0
,0,0
,0,0
,0,0
,0,0
,0,0
,0,0
,0,0
,0,0
,0,0
,0,0
,0,0
,0,0
,0,0
,0,0
,0,0
,0,0
,0,0
,0,0
,0,0
,0,0
,0,0
,0,0
,0,0
,0,0
,0,0
,0,0
,0,0
,0,0
,0,0
,0,0
,0,0
,0,0
,0,0
,0,0
,0,0
,0,0
,0,0
,0,0
,0,0
,0,0
,0,0
,0,0
,0,0
,0,0
,0,0
,0,0
,0,0
,0,0
,0,0
,0,0
,0,0
,0,0
,0,0
,0,0
,0,0
,0,0
,0,0
,0,0
,0,0
,0,0
,0,0
,0,0
,0,0
,0,0
,0,0
,0,0
,0,0
,0,0
,0,0
,0,0
,0,0
,0,0
,0,0
,0,0
,0,0
,0,0
,0,0
,0,0
,0,0
,0,0
,0,0
,0,0
,0,0
,0,0
,0,0
,0,0
,0,0
,0,0
,0,0
,0,0
,0,0
,0,0
,0,0
,0,0
,0,0
,0,0
,0,0
,0,0
,0,0
,0,0
,0,0
,0,0
,0,0
,0,0
,0,0
,0,0
,0,0
,0,0
,0,0
,0,0
,0,0
,0,0
,0,0
,0,0
,0,0
,0,0
,0,0
,0,0
,0,0
,0,0
,0,0
,0,0
,0,0
,0,0
,0,0
,0,0
,0,0
,0,0
,0,0
,0,0
,0,0
,0,0
,0,0
,0,0
,0,0
,0,0
,0,0
,0,0
,0,0
,0,0
,0,0
,0,0
,0,0
,0,0
,0,0
,0,0
,0,0
,0,0
,0,0
,0,0
,0,0
,0,0
,0,0
,0,0
,0,0
,0,0
,0,0
,0,0
,0,0
,0,0
,0,0
,0,0
,0,0
,0,0
,0,0
,0,0
,0,0
,0,0
,0,0
,0,0
,0,0
,0,0
,0,0
,0,0
,0,0
,0,0
,0,0
,0,0
,0,0
,0,0
,0,0
,0,0
,0,0
,0,0
,0,0
,0,0
,0,0
,0,0
,0,0
,0,0
,0,0
,0,0
,0,0
,0,0
,0,0
,0,0
,0,0
,0,0
,0,0
,0,0
,0,0
,0,0
,0,0
,0,0
,0,0
,0,0.0006639004149377427
,0,0.004647302904564317
,0,0.009294605809128635
,0,0.013543568464730295
,0,0.01434024896265559
,0,0.019917012448132796
,0,0.01606639004149387
,0,0.012746887966805
,0,0.01434024896265559
,0,0.005311203319502061
,0,0.0021908713692945655
,0,0.0017261410788381362
,0,0
,0,0
,0,0
,0,0
,0,0
,0,0
,0,0
,0,0
,0,0
,0,0
,0,0
,0,0
,0,0
,0,0
,0,0
,0,0
,0,0
,0,0
,0,0
,0,0
,0,0
,0,0
,0,0
,0,0
,0,0
,0,0
,0,0
,0,0
,0,0
,0,0
,0,0
,0,0
,0,0
,0,0
,0,0
,0,0
,0,0
,0,0
,0,0
,0,0
,0,0
,0,0
,0,0
,0,0
,0,0
,0,0
,0,0
,0,0
,0,0
,0,0
,0,0
,0,0
,0,0
,0,0
,0,0
,0,0
,0,0
,0,0
,0,0
,0,0
,0,0
,0,0
,0,0
,0,0
,0,0
,0,0
,0,0
,0,0
,0,0
,0,0
,0,0
,0,0
,0,0
,0,0
,0,0
,0,0
,0,0
,0,0
,0,0
,0,0
,0,0
,0,0
,0,0
,0,0
,0,0
,0,0.06970954356846472
,0,0
,0,0
,0,0
,0,0
,0,0
,0,0
,0,0
,0,0
,0,0
,0,0
,0,0
,0,0
,0,0
,0,0
,0,0
,0,0
,0,0
,0,0
,0,0
,0,0
,0,0
,0,0
,0,0
,0,0
,0,0
,0,0
,0,0
,0,0
,0,0
,0,0
,0,0
,0,0
,0,0
,0,0
,0,0
,0,0
,0,0
,0,0
,0,0
,0,0
,0,0
,0,0
,0,0
,0,0
,0,0
,0,0
,0,0
,0,0
,0,0.0
,0,0.008763485477178225
,0,0.013941908713693127
,0,0.01858921161825731
,0,0.01168464730290456
,0,0.027883817427385757
,0,0.03744398340248936
,0,0.028879668049792646
,0,0.05377593360995844
,0,0.027751037344398235
,0,0.0824564315352698
,0,0.06871369294605817
,0,0.07136929460580915
,0,0.07634854771784239
,0,0.03983402489626559
,0,0.04979253112033199
,0,0.07634854771784239
,0,0.04647302904564319
,0,0.04149377593361003
,0,0.03485477178423243
,0,0.06141078838174275
,0,0.03983402489626559
,0,0.04979253112033199
,0,0.04149377593361003
,0,0.06804979253112035
,0,0.04647302904564319
,0,0.03651452282157679
,0,0.03817427385892123
,0,0.04979253112033199
,0,0.03983402489626559
,0,0.03817427385892123
,0,0.04979253112033199
,0,0.03153526970954356
,0,0.04979253112033199
,0,0.03817427385892116
,0,0.03817427385892116
,0,0.04647302904564319
,0,0.03485477178423236
,0,0.04315352697095439
,0,0.03817427385892116
,0,0.048132780082987554
,0,0.04315352697095439
,0,0
,0,0.03983402489626559
,0,0.033195020746887995
,0,0.03651452282157679
,0,0.044813278008298756
,0,0.03983402489626552
,0,0.048132780082987554
,0,0.03983402489626552
,0,0.03983402489626552
,0,0
,0,0
,0,0
,0,0
,0,0
,0,0
,0,0
,0,0.0009958506224066318
,0,0.0033195020746888317
,0,0
,0,0
,0,0
,0,0
,0,0
,0,0
,0,0
,0,0
,0,0
,0,0
,0,0
,0,0
,0,0
,0,0
,0,0.0011950207468879657
,0,0.0026556016597510303
,0,0.0013278008298754855
,0,0.004979253112033236
,0,0.001659751037344363
,0,0.001659751037344363
,0,0
,0,0
,0,0
,0,0
,0,0
,0,0
,0,0
,0,0
,0,0
,0,0
,0,0
,0,0
,0,0
,0,0.0014605809128630642
,0,0.0023900414937759024
,0,0.0015933609958506368
,0,0.0
,0,0
,0,0
,0,0
,0,0
,0,0.0037178423236513647
,0,0.006506224066390052
,0,0.013809128630705395
,0,0.010356846473028968
,0,0.02821576763485476
,0,0
,0,0.011153526970954411
,0,0.014871369294605882
,0,0.006904564315352697
,0,0
,0,0
,0,0.0
,0,0
,0,0
,0,0
,0,0
,0,0
,0,0
,0,0
,0,0
,0,0
,0,0
,0,0
,0,0
,0,0
,0,0
,0,0
,0,0
,0,0
,0,0
,0,0
,0,0
,0,0
,0,0
,0,0
,0,0
,0,0
,0,0
,0,0
,0,0
,0,0
,0,0
,0,0
,0,0
,0,0
,0,0
,0,0
,0,0.0022572614107883387
,0,0.014340248962655521
,0,0.02775103734439829
,0,0.02323651452282167
,0,0.03485477178423236
,0,0.04149377593360996
,0,0.04315352697095439
,0,0
,0,0
,0,0.03651452282157672
,0,0.04149377593360996
,0,0.04481327800829868
,0,0.04979253112033192
,0,0.05311203319502072
,0,0.04647302904564312
,0,0.051452282157676284
,0,0.031535269709543484
,0,0.02821576763485476
,0,0.028215767634854907
,0,0.02987551867219927
,0,0.026556016597510397
,0,0.04315352697095439
,0,0.04315352697095439
,0,0.02868049792531118
,0,0.008763485477178503
,0,0.005576763485477058
,0,0
,0,0
,0,0
,0,0
,0,0
,0,0
,0,0
,0,0
,0,0
,0,0
,0,0
,0,0
,0,0
,0,0
,0,0
,0,0
,0,0
,0,0
,0,0
,0,0
,0,0
,0,0
,0,0
,0,0
,0,0
,0,0
,0,0
,0,0
,0,0
,0,0
,0,0
,0,0
,0,0
,0,0
,0,0
,0,0
,0,0
,0,0.0022572614107883326
,0,0.013543568464730295
,0,0.026556016597510397
,0,0.033195020746887995
,0,0.03817427385892116
,0,0.023236514522821522
,0,0.026556016597510397
,0,0.03983402489626552
,0,0.019917012448132723
,0,0.02489626556016596
,0,0.02987551867219912
,0,0.03153526970954356
,0,0.03651452282157672
,0,0.01493775933609956
,0,0.023236514522821595
,0,0.021244813278008243
,0,0.019917012448132695
,0,0.011352697095435663
,0,0
,0,0
,0,0
,0,0
,0,0
,0,0
,0,0
,0,0
,0,0
,0,0
,0,0
,0,0
,0,0
,0,0
,0,0
,0,0
,0,0
,0,0
,0,0
,0,0
,0,0.03146887966805005
,0,0.06300414937759373
,0,0.10622406639004109
,0,0.11286307053941903
,0,0.1244813278008298
,0,0.12946058091286303
,0,0.12282157676348543
,0,0.1294605809128631
,0,0.08630705394190864
,0,0.09460580912863074
,0,0.09626556016597518
,0,0.08132780082987555
,0,0
,0,0
,0,0
,0,0
,0,0.08464730290456435
,0,0.013278008298755199
,0,0.026556016597510397
,0,0
,0,0.05145228215767643
,0,0.05145228215767643
,0,0.02821576763485476
,0,0.02987551867219927
,0,0.03153526970954363
,0,0.033195020746887995
,0,0.04315352697095432
,0,0.033195020746887995
,0,0.03153526970954363
,0,0.02987551867219927
,0,0.033195020746887995
,0,0.033195020746887995
,0,0.033195020746887995
,0,0.018257261410788435
,0,0.018257261410788286
,0,0.016597510373443924
,0,0.03651452282157672
,0,0.02987551867219912
,0,0.024896265560165887
,0,0.024896265560165887
,0,0.02157676348547716
,0,0.019917012448132796
,0,0.024896265560166032
,0,0.026556016597510397
,0,0.02323651452282167
,0,0.033195020746887995
,0,0.02987551867219927
,0,0.031535269709543484
,0,0.02157676348547716
,0,0.033195020746887995
,0,0.024896265560166032
,0,0.031535269709543484
,0,0.034854771784232505
,0,0.034854771784232505
,0,0.024896265560166032
,0,0.03153526970954363
,0,0.03651452282157687
,0,0.03651452282157687
,0,0.024896265560166032
,0,0.028215767634854907
,0,0.017261410788381667
,0,0
,0,0.02987551867219927
,0,0.03153526970954363
,0,0.02157676348547716
,0,0.02157676348547716
,0,0.019120331950207452
,0,0.002788381742738529
,0,0
,0,0
,0,0
,0,0
,0,0
,0,0
,0,0
,0,0
,0,0
,0,0
,0,0
,0,0
,0,0
,0,0
,0,0
,0,0
,0,0
,0,0
,0,0
,0,0
,0,0
,0,0
,0,0
,0,0
,0,0
,0,0
,0,0
,0,0
,0,0
,0,0
,0,0
,0,0
,0,0
,0,0
,0,0
,0,0
,0,0
,0,0
,0,0
,0,0
,0,0
,0,0
,0,0
,0,0
,0,0
,0,0
,0,0
,0,0
,0,0
,0,0
,0,0
,0,0
,0,0
,0,0.01102074688796657
,0,0.049128630705394
,0,0.08464730290456428
,0,0.10954356846473023
,0,0.07435684647302908
,0,0
,0,0
,0,0
,0,0.008630705394190833
,0,0
,0,0
,0,0
,0,0.01679668049792539
,0,0.016597510373443924
,0,0.02323651452282167
,0,0
,0,0.02821576763485476
,0,0.01659751037344407
,0,0.019917012448132796
,0,0.021576763485477306
,0,0.02323651452282167
,0,0.026556016597510397
,0,0.06307053941908712
,0,0.02821576763485476
,0,0.02821576763485476
,0,0.06141078838174275
,0,0.06307053941908712
,0,0.023236514522821522
,0,0.02157676348547716
,0,0
,0,0.031535269709543484
,0,0.05311203319502064
,0,0.04481327800829868
,0,0.03817427385892123
,0,0.03485477178423236
,0,0
,0,0
,0,0.05975103734439839
,0,0.03817427385892123
,0,0.07136929460580922
,0,0.033195020746887995
,0,0.033195020746887995
,0,0.03651452282157672
,0,0.02821576763485476
,0,0.02987551867219912
,0,0.02987551867219912
,0,0.03485477178423236
,0,0.02018257261410794
,0,0.01380912863070549
,0,0.007900414937759365
,0,0
,0,0
,0,0
,0,0
,0,0
,0,0
,0,0
,0,0
,0,0
,0,0
,0,0
,0,0
,0,0
,0,0
,0,0
,0,0
,0,0
,0,0
,0,0
,0,0
,0,0
,0,0
,0,0
,0,0
,0,0
,0,0
,0,0
,0,0
,0,0
,0,0
,0,0
,0,0
,0,0
,0,0
,0,0
,0,0
,0,0
,0,0
,0,0
,0,0
,0,0
,0,0
,0,0
,0,0
,0,0
,0,0
,0,0.02708713692946059
,0,0.0584232365145229
,0,0.07136929460580915
,0,0.07468879668049795
,0,0.08132780082987555
,0,0.08298755186721998
,0,0.05975103734439839
,0,0.03651452282157679
,0,0.03817427385892123
,0,0.04149377593360996
,0,0.03983402489626559
,0,0.03983402489626559
,0,0.03817427385892116
,0,0.03817427385892116
,0,0.03651452282157672
,0,0.03485477178423236
,0,0.02821576763485476
,0,0.02821576763485476
,0,0.024896265560165887
,0,0.019917012448132796
,0,0.03983402489626552
,0,0.021443983402489562
,0,0.007435684647302941
,0,0
,0,0
,0,0
,0,0
,0,0
,0,0
,0,0
,0,0
,0,0
,0,0
,0,0
,0,0
,0,0.0013278008298755388
,0,0.006506224066390052
,0,0.0022572614107883825
,0,0.001659751037344363
,0,0.0033195020746887996
,0,0.006639004149377599
,0,0.016597510373443997
,0,0.016597510373443997
,0,0.004979253112033236
,0,0.011618257261410836
,0,0.004979253112033163
,0,0.013278008298755199
,0,0.008298755186721962
,0,0.0033195020746887996
,0,0.0033195020746887996
,0,0.008298755186722035
,0,0.006639004149377599
,0,0
,0,0.009958506224066398
,0,0.008298755186722035
,0,0
,0,0
,0,0
,0,0.0029875518672198543
,0,0
,0,0
,0,0
,0,0.04481327800829868
,0,0.04481327800829868
,0,0.04315352697095432
,0,0.039834024896265446
,0,0.03817427385892108
,0,0.03319502074688785
,0,0.02987551867219927
,0,0.019917012448132796
,0,0.03983402489626559
,0,0.033195020746887995
,0,0.02323651452282167
,0,0.015269709543568575
,0,0.012082987551867258
,0,0.0015933609958505895
,0,0
,0,0
,0,0
,0,0
,0,0
,0,0
,0,0.0003319502074688773
,0,0.005112033195020709
,0,0
,0,0.0013278008298755388
,0,0.0033195020746887996
,0,0.0018589211618257352
,0,0.000995850622406623
,0,0
,0,0
,0,0.001062240663900393
,0,0.0037178423236514466
,0,0.0022572614107883825
,0,0.0033195020746887996
,0,0.0033195020746887996
,0,0.0033195020746887996
,0,0.0015933609958506132
,0,0.00039834024896264446
,0,0
,0,0
,0,0
,0,0
,0,0
,0,0
,0,0
,0,0
,0,0
,0,0
,0,0
,0,0
,0,0
,0,0
,0,0
,0,0
,0,0
,0,0
,0,0
,0,0
,0,0
,0,0
,0,0
,0,0
,0,0
,0,0
,0,0
,0,0
,0,0.010755186721991668
,0,0.013278008298755199
,0,0.009958506224066473
,0,0.018257261410788435
,0,0.011618257261410836
,0,0.009958506224066473
,0,0.008298755186721962
,0,0.01659751037344407
,0,0.009958506224066325
,0,0.013278008298755199
,0,0.013278008298755199
,0,0.01493775933609956
,0,0.011618257261410688
,0,0.018257261410788435
,0,0.007435684647302941
,0,0.0035850622406639597
,0,0
,0,0
,0,0
,0,0
,0,0.0005311203319501965
,0,0.0021244813278008335
,0,0.0033195020746887996
,0,0.0033195020746887996
,0,0.0033195020746887996
,0,0.004979253112033163
,0,0.0033195020746887996
,0,0.004979253112033163
,0,0
,0,0.0033195020746887996
,0,0.0033195020746887996
,0,0.006639004149377599
,0,0.004979253112033163
,0,0.004979253112033163
,0,0.011950207468879705
,0,0.0005311203319501965
,0,0
,0,0
,0,0
,0,0
,0,0
,0,0
,0,0
,0,0
,0,0
,0,0
,0,0
,0,0
,0,0.02688796680497932
,0,0.03817427385892116
,0,0.05477178423236515
,0,0.07634854771784232
,0,0.07136929460580908
,0,0.05311203319502072
,0,0.04149377593360996
,0,0.03651452282157672
,0,0.044813278008298756
,0,0.03817427385892108
,0,0.04647302904564312
,0,0.04481327800829868
,0,0.03651452282157679
,0,0
,0,0.04813278008298763
,0,0.02901244813278006
,0,0.01434024896265559
,0,0
,0,0
,0,0
,0,0
,0,0
,0,0.002390041493775905
,0,0.008298755186721962
,0,0.006639004149377599
,0,0.011618257261410761
,0,0.009958506224066325
,0,0.009958506224066325
,0,0.0043817427385891925
,0,0
,0,0
,0,0
,0,0
,0,0
,0,0
,0,0
,0,0
,0,0
,0,0
,0,0
,0,0
,0,0
,0,0
,0,0
,0,0
,0,0
,0,0
,0,0
,0,0
,0,0
,0,0
,0,0
,0,0
,0,0
,0,0
,0,0
,0,0
,0,0
,0,0
,0,0
,0,0
,0,0
,0,0
,0,0
,0,0
,0,0
,0,0
,0,0
,0,0
,0,0
,0,0
,0,0
,0,0
,0,0
,0,0.0
,0,0.012082987551867303
,0,0.03817427385892123
,0,0.01493775933609956
,0,0.03485477178423236
,0,0.04149377593360996
,0,0
,0,0.04647302904564319
,0,0.03153526970954356
,0,0.04149377593360996
,0,0.03983402489626559
,0,0.03651452282157679
,0,0.03817427385892116
,0,0.03319502074688785
,0,0.01971784232365135
,0,0.002788381742738529
,0,0
,0,0
,0,0
,0,0.0007966804979252948
,0,0.003983402489626569
,0,0.008298755186721962
,0,0.006639004149377599
,0,0
,0,0
,0,0.011618257261410761
,0,0.011352697095435635
,0,0.004248962655601667
,0,0
,0,0
,0,0
,0,0
,0,0
,0,0
,0,0
,0,0
,0,0
,0,0
,0,0
,0,0
,0,0
,0,0
,0,0
,0,0
,0,0
,0,0
,0,0
,0,0
,0,0
,0,0
,0,0
,0,0
,0,0
,0,0
,0,0
,0,0
,0,0
,0,0
,0,0
,0,0
,0,0
,0,0
,0,0
,0,0
,0,0
,0,0
,0,0
,0,0
,0,0
,0,0
,0,0
,0,0
,0,0
,0,0
,0,0
,0,0
,0,0
,0,0
,0,0
,0,0
,0,0
,0,0
,0,0
,0,0
,0,0
,0,0
,0,0
,0,0
,0,0
,0,0
,0,0
,0,0
,0,0
,0,0
,0,0
,0,0
,0,0
,0,0
,0,0
,0,0
,0,0
,0,0
,0,0
,0,0
,0,0
,0,0
,0,0
,0,0.011950207468879705
,0,0.013278008298755199
,0,0.016597510373443924
,0,0.009958506224066325
,0,0.016597510373443924
,0,0.014937759336099707
,0,0.01659751037344407
,0,0.018257261410788435
,0,0.01659751037344407
,0,0.026556016597510397
,0,0.02323651452282167
,0,0.017925311203319513
,0,0
,0,0
,0,0
,0,0
,0,0
,0,0
,0,0
,0,0
,0,0
,0,0
,0,0
,0,0
,0,0
,0,0
,0,0
,0,0
,0,0
,0,0
,0,0
,0,0
,0,0
,0,0
,0,0
,0,0
,0,0
,0,0
,0,0
,0,0
,0,0
,0,0
,0,0
,0,0
,0,0
,0,0
,0,0
,0,0
,0,0
,0,0
,0,0
,0,0
,0,0
,0,0
,0,0
,0,0
,0,0
,0,0
,0,0
,0,0
,0,0
,0,0
,0,0
,0,0
,0,0
,0,0
,0,0
,0,0
,0,0
,0,0
,0,0
,0,0
,0,0
,0,0
,0,0
,0,0
,0,0
,0,0
,0,0
,0,0
,0,0
,0,0.003186721991701179
,0,0.00796680497925303
,0,0.02921161825726152
,0,0
,0,0.0006639004149377487
,0,0
,0,0
,0,0
,0,0
,0,0
,0,0
,0,0
,0,0.006373443983402547
,0,0.0
,0,0
,0,0
,0,0
,0,0
,0,0
,0,0
,0,0
,0,0
,0,0
,0,0
,0,0
,0,0
,0,0
,0,0
,0,0
,0,0
,0,0
,0,0
,0,0
,0,0
,0,0
,0,0
,0,0
,0,0
,0,0
,0,0
,0,0
,0,0
,0,0
,0,0
,0,0
,0,0
,0,0
,0,0
,0,0
,0,0
,0,0
,0,0
,0,0
,0,0
,0,0
,0,0
,0,0
,0,0
,0,0
,0,0
,0,0
,0,0
,0,0
,0,0
,0,0
,0,0
,0,0
,0,0
,0,0
,0,0
,0,0
,0,0
,0,0
,0,0
,0,0
,0,0
,0,0
,0,0
,0,0
,0,0
,0,0
,0,0
,0,0
,0,0
,0,0
,0,0
,0,0
,0,0
,0,0
,0,0
,0,0
,0,0
,0,0
,0,0
,0,0
,0,0
,0,0
,0,0
,0,0
,0,0
,0,0
,0,0
,0,0
,0,0
,0,0
,0,0
,0,0
,0,0
,0,0
,0,0
,0,0
,0,0
,0,0
,0,0
,0,0
,0,0
,0,0
,0,0
,0,0
,0,0
,0,0
,0,0
,0,0
,0,0
,0,0
,0,0
,0,0
,0,0
,0,0
,0,0
,0,0
,0,0
,0,0
,0,0
,0,0
,0,0
,0,0
,0,0
,0,0
,0,0
,0,0
,0,0
,0,0
,0,0
,0,0
,0,0
,0,0
,0,0
,0,0
,0,0
,0,0
,0,0
,0,0
,0,0
,0,0
,0,0
,0,0
,0,0
,0,0
,0,0
,0,0
,0,0
,0,0
,0,0
,0,0
,0,0
,0,0
,0,0
,0,0
,0,0
,0,0
,0,0
,0,0
,0,0
,0,0
,0,0
,0,0
,0,0
,0,0
,0,0
,0,0
,0,0
,0,0
,0,0
,0,0
,0,0
,0,0
,0,0
,0,0
,0,0
,0,0
,0,0
,0,0
,0,0
,0,0
,0,0
,0,0
,0,0
,0,0
,0,0
,0,0
,0,0
,0,0
,0,0
,0,0
,0,0
,0,0
,0,0
,0,0
,0,0
,0,0
,0,0
,0,0
,0,0
,0,0
,0,0
,0,0
,0,0
,0,0
,0,0
,0,0
,0,0
,0,0
,0,0
,0,0
,0,0
,0,0
,0,0
,0,0
,0,0
,0,0
,0,0
,0,0
,0,0
,0,0
,0,0
,0,0
,0,0
,0,0
,0,0
,0,0
,0,0
,0,0
,0,0
,0,0
,0,0
,0,0
,0,0
,0,0
,0,0
,0,0
,0,0
,0,0
,0,0
,0,0
,0,0
,0,0
,0,0
,0,0
,0,0
,0,0
,0,0
,0,0
,0,0
,0,0
,0,0
,0,0
,0,0
,0,0
,0,0
,0,0
,0,0
,0,0
,0,0
,0,0
,0,0
,0,0
,0,0
,0,0
,0,0
,0,0
,0,0
,0,0
,0,0
,0,0
,0,0
,0,0
,0,0
,0,0
,0,0
,0,0
,0,0
,0,0
,0,0
,0,0
,0,0.0584232365145226
,0,0.104564315352697
,0,0.0783402489626553
,0,0.0023900414937758786
,0,0.0055767634854772055
,0,0.009294605809128517
,0,0
,0,0.01991701244813265
,0,0.01493775933609956
,0,0.02157676348547716
,0,0.016597510373443924
,0,0.01659751037344407
,0,0
,0,0.02157676348547716
,0,0.024896265560166032
,0,0.024896265560166032
,0,0.02323651452282167
,0,0.02821576763485476
,0,0.022572614107883724
,0,0.0
,0,0
,0,0.0023900414937759315
,0,0.0066390041493775455
,0,0.009958506224066325
,0,0.018257261410788286
,0,0.009958506224066473
,0,0.019917012448132796
,0,0.013278008298755199
,0,0.02157676348547716
,0,0.019917012448132796
,0,0.018257261410788435
,0,0.023236514522821522
,0,0.024896265560166032
,0,0.019917012448132754
,0,0
,0,0
,0,0
,0,0
,0,0
,0,0
,0,0
,0,0
,0,0
,0,0
,0,0
,0,0
,0,0
,0,0
,0,0
,0,0
,0,0
,0,0
,0,0
,0,0
,0,0
,0,0
,0,0
,0,0
,0,0
,0,0
,0,0
,0,0
,0,0
,0,0
,0,0
,0,0
,0,0
,0,0
,0,0
,0,0
,0,0
,0,0
,0,0
,0,0
,0,0
,0,0
,0,0
,0,0
,0,0
,0,0
,0,0
,0,0
,0,0
,0,0
,0,0
,0,0
,0,0.013012448132780146
,0,0.03817427385892108
,0,0.03817427385892108
,0,0.027751037344398474
,0,0.018124481327800937
,0,0
,0,0
,0,0
,0,0
,0,0
,0,0
,0,0
,0,0
,0,0
,0,0
,0,0
,0,0
,0,0
,0,0
,0,0
,0,0
,0,0
,0,0
,0,0
,0,0
,0,0
,0,0
,0,0
,0,0
,0,0
,0,0
,0,0
,0,0
,0,0
,0,0
,0,0
,0,0
,0,0
,0,0
,0,0
,0,0
,0,0
,0,0
,0,0
,0,0
,0,0
,0,0
,0,0
,0,0
,0,0
,0,0
,0,0
,0,0
,0,0
,0,0
,0,0
,0,0
,0,0
,0,0
,0,0
,0,0
,0,0
,0,0
,0,0
,0,0
,0,0
,0,0
,0,0
,0,0
,0,0
,0,0
,0,0
,0,0
,0,0
,0,0
,0,0
,0,0
,0,0
,0,0
,0,0
,0,0
,0,0
,0,0
,0,0
,0,0
,0,0
,0,0
,0,0
,0,0
,0,0
,0,0
,0,0
,0,0
,0,0
,0,0
,0,0
,0,0
,0,0
,0,0
,0,0
,0,0
,0,0
,0,0
,0,0
,0,0
,0,0
,0,0
,0,0
,0,0
,0,0
,0,0
,0,0
,0,0
,0,0
,0,0
,0,0
,0,0
,0,0
,0,0
,0,0
,0,0
,0,0
,0,0
,0,0
,0,0
,0,0
,0,0
,0,0
,0,0
,0,0
,0,0
,0,0
,0,0
,0,0
,0,0
,0,0
,0,0
,0,0
,0,0
,0,0
,0,0
,0,0
,0,0
,0,0
,0,0
,0,0
,0,0
,0,0
,0,0
,0,0
,0,0
,0,0
,0,0
,0,0
,0,0
,0,0
,0,0
,0,0
,0,0
,0,0
,0,0
,0,0
,0,0
,0,0
,0,0
,0,0
,0,0
,0,0
,0,0
,0,0
,0,0
,0,0
,0,0
,0,0
,0,0
,0,0
,0,0
,0,0
,0,0
,0,0
,0,0
,0,0
,0,0
,0,0
,0,0
,0,0
,0,0
,0,0
,0,0
,0,0
,0,0
,0,0
,0,0
,0,0
,0,0
,0,0
,0,0
,0,0
,0,0
,0,0
,0,0
,0,0
,0,0
,0,0
,0,0
,0,0
,0,0
,0,0
,0,0
,0,0
,0,0
,0,0
,0,0
,0,0
,0,0
,0,0
,0,0
,0,0
,0,0
,0,0
,0,0
,0,0
,0,0
,0,0
,0,0
,0,0
,0,0
,0,0
,0,0
,0,0
,0,0
,0,0
,0,0
,0,0
,0,0
,0,0
,0,0
,0,0
,0,0
,0,0
,0,0
,0,0
,0,0.0046473029045644
,0,0.007170124481327795
,0,0.013012448132780187
,0,0.02549377593361
,0,0.02157676348547716
,0,0.018257261410788435
,0,0.019917012448132796
,0,0.018257261410788435
,0,0.022307053941908683
,0,0.01241493775933613
,0,0.00796680497925309
,0,0.0011950207468879393
,0,0
,0,0
,0,0
,0,0
,0,0
,0,0
,0,0
,0,0
,0,0
,0,0
,0,0
,0,0
,0,0
,0,0
,0,0
,0,0
,0,0
,0,0
,0,0
,0,0
,0,0
,0,0
,0,0
,0,0
,0,0
,0,0
,0,0
,0,0
,0,0
,0,0
,0,0
,0,0
,0,0
,0,0
,0,0
,0,0
,0,0
,0,0
,0,0
,0,0
,0,0
,0,0
,0,0
,0,0
,0,0
,0,0
,0,0
,0,0
,0,0
,0,0
,0,0
,0,0
,0,0
,0,0
,0,0
,0,0
,0,0
,0,0
,0,0
,0,0
,0,0
,0,0
,0,0
,0,0
,0,0
,0,0
,0,0
,0,0
,0,0
,0,0
,0,0
,0,0
,0,0
,0,0
,0,0
,0,0
,0,0
,0,0
,0,0
,0,0
,0,0
,0,0
,0,0
,0,0
,0,0
,0,0
,0,0
,0,0
,0,0
,0,0
,0,0
,0,0
,0,0
,0,0
,0,0
,0,0
,0,0
,0,0
,0,0
,0,0
,0,0
,0,0
,0,0
,0,0
,0,0
,0,0
,0,0
,0,0
,0,0
,0,0
,0,0
,0,0
,0,0
,0,0
,0,0
,0,0
,0,0
,0,0
,0,0
,0,0
,0,0
,0,0
,0,0
,0,0
,0,0
,0,0
,0,0
,0,0
,0,0
,0,0
,0,0
,0,0
,0,0
,0,0
,0,0
,0,0
,0,0
,0,0
,0,0
,0,0
,0,0
,0,0
,0,0
,0,0
,0,0
,0,0
,0,0
,0,0
,0,0
,0,0
,0,0
,0,0
,0,0
,0,0
,0,0
,0,0
,0,0
,0,0
,0,0
,0,0
,0,0
,0,0
,0,0
,0,0
,0,0
,0,0
,0,0
,0,0
,0,0
,0,0
,0,0
,0,0
,0,0
,0,0
,0,0
,0,0
,0,0
,0,0
,0,0
,0,0
,0,0
,0,0
,0,0
,0,0
,0,0
,0,0
,0,0
,0,0
,0,0
,0,0
,0,0
,0,0
,0,0
,0,0
,0,0
,0,0
,0,0
,0,0
,0,0
,0,0
,0,0
,0,0
,0,0
,0,0
,0,0
,0,0
,0,0
,0,0
,0,0
,0,0
,0,0
,0,0
,0,0
,0,0
,0,0
,0,0
,0,0
,0,0
,0,0
,0,0
,0,0
,0,0
,0,0
,0,0
,0,0
,0,0
,0,0
,0,0
,0,0
,0,0
,0,0
,0,0
,0,0
,0,0
,0,0
,0,0
,0,0
,0,0
,0,0
,0,0
,0,0
,0,0
,0,0
,0,0
,0,0
,0,0
,0,0
,0,0
,0,0
,0,0
,0,0
,0,0
,0,0
,0,0
,0,0
,0,0
,0,0
,0,0
,0,0
,0,0
,0,0
,0,0
,0,0
,0,0
,0,0
,0,0
,0,0
,0,0
,0,0
,0,0.006373443983402547
,0,0.010954356846472996
,0,0.02157676348547716
,0,0.014340248962655485
,0,0.008763485477178385
,0,0.018257261410788435
,0,0.014605809128630826
,0,0.002390041493775985
,0,0.0010622406639004404
,0,0.0
,0,0
,0,0
,0,0
,0,0
,0,0
,0,0
,0,0
,0,0
,0,0
,0,0
,0,0
,0,0
,0,0
,0,0
,0,0
,0,0
,0,0
,0,0
,0,0
,0,0
,0,0
,0,0
,0,0
,0,0
,0,0
,0,0
,0,0
,0,0
,0,0
,0,0
,0,0
,0,0
,0,0
,0,0
,0,0
,0,0
,0,0
,0,0
,0,0
,0,0
,0,0
,0,0
,0,0
,0,0
,0,0
,0,0
,0,0
,0,0
,0,0
,0,0
,0,0
,0,0
,0,0
,0,0
,0,0
,0,0
,0,0
,0,0
,0,0
,0,0
,0,0
,0,0
,0,0
,0,0
,0,0
,0,0
,0,0
,0,0
,0,0
,0,0
,0,0
,0,0
,0,0
,0,0
,0,0
,0,0
,0,0
,0,0
,0,0
,0,0
,0,0
,0,0
,0,0
,0,0
,0,0
,0,0
,0,0
,0,0
,0,0
,0,0
,0,0
,0,0
,0,0
,0,0
,0,0
,0,0
,0,0
,0,0
,0,0
,0,0
,0,0
,0,0
,0,0
,0,0
,0,0
,0,0
,0,0
,0,0
,0,0
,0,0
,0,0
,0,0
,0,0
,0,0
,0,0
,0,0
,0,0
,0,0
,0,0
,0,0
,0,0
,0,0
,0,0
,0,0
,0,0
,0,0
,0,0
,0,0
,0,0
,0,0
,0,0
,0,0
,0,0
,0,0
,0,0
,0,0
,0,0
,0,0
,0,0
,0,0
,0,0
,0,0
,0,0
,0,0
,0,0
,0,0
,0,0
,0,0
,0,0
,0,0
,0,0
,0,0
,0,0
,0,0
,0,0
,0,0
,0,0
,0,0
,0,0
,0,0
,0,0
,0,0
,0,0
,0,0
,0,0
,0,0
,0,0
,0,0
,0,0
,0,0
,0,0
,0,0
,0,0
,0,0
,0,0
,0,0
,0,0
,0,0
,0,0
,0,0
,0,0
,0,0
,0,0
,0,0
,0,0
,0,0
,0,0
,0,0
,0,0
,0,0
,0,0
,0,0
,0,0
,0,0
,0,0
,0,0
,0,0
,0,0
,0,0
,0,0
,0,0
,0,0
,0,0
,0,0
,0,0
,0,0
,0,0
,0,0
,0,0
,0,0
,0,0
,0,0
,0,0
,0,0
,0,0
,0,0
,0,0
,0,0
,0,0
,0,0
,0,0
,0,0
,0,0
,0,0
,0,0
,0,0
,0,0
,0,0
,0,0
,0,0
,0,0
,0,0
,0,0
,0,0
,0,0
,0,0.006373443983402547
,0,0
,0,0.008298755186721962
,0,0.007170124481327742
,0,0.005112033195020741
,0,0.0005975103734439696
,0,0.0004647302904564235
,0,0
,0,0
,0,0
,0,0
,0,0
,0,0
,0,0
,0,0
,0,0
,0,0
,0,0
,0,0
,0,0
,0,0
,0,0
,0,0
,0,0
,0,0
,0,0
,0,0
,0,0
,0,0
,0,0
,0,0
,0,0
,0,0
,0,0
,0,0
,0,0
,0,0
,0,0
,0,0
,0,0
,0,0
,0,0
,0,0
,0,0
,0,0
,0,0
,0,0
,0,0
,0,0
,0,0
,0,0
,0,0
,0,0
,0,0
,0,0
,0,0
,0,0
,0,0
,0,0
,0,0
,0,0
,0,0
,0,0
,0,0
,0,0
,0,0
,0,0
,0,0
,0,0
,0,0
,0,0
,0,0
,0,0
,0,0
,0,0
,0,0
,0,0
,0,0
,0,0
,0,0
,0,0
,0,0
,0,0
,0,0
,0,0
,0,0
,0,0
,0,0
,0,0
,0,0
,0,0
,0,0
,0,0
,0,0
,0,0
,0,0
,0,0
,0,0
,0,0
,0,0
,0,0
,0,0
,0,0
,0,0
,0,0
,0,0
,0,0
,0,0
,0,0
,0,0
,0,0
,0,0
,0,0
,0,0
,0,0
,0,0
,0,0.0
,0,0.03385892116182562
,0,0.07110373443983434
,0,0.08962655601659751
,0,0.06804979253112028
,0,0.07302904564315352
,0,0.07302904564315352
,0,0.07468879668049795
,0,0.07468879668049795
,0,0.07468879668049795
,0,0.07634854771784232
,0,0.07634854771784232
,0,0.07634854771784232
,0,0.053112033195020794
,0,0.05145228215767635
,0,0.05145228215767635
,0,0.03585062240663892
,0,0
,0,0
,0,0
,0,0
,0,0
,0,0
,0,0
,0,0
,0,0
,0,0
,0,0
,0,0
,0,0
,0,0
,0,0
,0,0
,0,0
,0,0
,0,0
,0,0
,0,0
,0,0
,0,0
,0,0
,0,0
,0,0
,0,0
,0,0
,0,0
,0,0
,0,0
,0,0
,0,0
,0,0
,0,0
,0,0
,0,0
,0,0
,0,0
,0,0
,0,0
,0,0
,0,0
,0,0
,0,0
,0,0
,0,0
,0,0
,0,0
,0,0
,0,0
,0,0
,0,0
,0,0
,0,0
,0,0
,0,0
,0,0
,0,0
,0,0
,0,0
,0,0
,0,0
,0,0
,0,0
,0,0
,0,0
,0,0
,0,0
,0,0
,0,0
,0,0
,0,0
,0,0
,0,0
,0,0
,0,0
,0,0
,0,0
,0,0
,0,0
,0,0
,0,0
,0,0
,0,0
,0,0
,0,0
,0,0
,0,0
,0,0
,0,0
,0,0
,0,0
,0,0
,0,0
,0,0
,0,0
,0,0
,0,0
,0,0
,0,0
,0,0
,0,0
,0,0
,0,0
,0,0
,0,0
,0,0
,0,0
,0,0
,0,0
,0,0
,0,0
,0,0
,0,0
,0,0
,0,0
,0,0
,0,0
,0,0
,0,0
,0,0
,0,0
,0,0
,0,0
,0,0
,0,0
,0,0
,0,0
,0,0
,0,0
,0,0
,0,0
,0,0
,0,0
,0,0
,0,0
,0,0
,0,0
,0,0
,0,0
,0,0
,0,0
,0,0
,0,0
,0,0
,0,0
,0,0
,0,0
,0,0
,0,0
,0,0
,0,0
,0,0
,0,0
,0,0
,0,0
,0,0
,0,0
,0,0
,0,0
,0,0
,0,0
,0,0
,0,0
,0,0
,0,0
,0,0
,0,0
,0,0
,0,0
,0,0
,0,0
,0,0
,0,0
,0,0
,0,0
,0,0
,0,0
,0,0
,0,0
,0,0
,0,0
,0,0
,0,0
,0,0
,0,0
,0,0
,0,0
,0,0
,0,0
,0,0
,0,0
,0,0
,0,0
,0,0
,0,0
,0,0
,0,0
,0,0
,0,0
,0,0
,0,0
,0,0
,0,0
,0,0
,0,0
,0,0
,0,0
,0,0
,0,0
,0,0
,0,0
,0,0
,0,0
,0,0
,0,0
,0,0
,0,0
,0,0
,0,0
,0,0
,0,0
,0,0
,0,0
,0,0
,0,0
,0,0
,0,0
,0,0
,0,0
,0,0
,0,0
,0,0
,0,0
,0,0
,0,0
,0,0
,0,0
,0,0
,0,0
,0,0
,0,0
,0,0
,0,0
,0,0
,0,0
,0,0
,0,0
,0,0
,0,0
,0,0
,0,0
,0,0
,0,0
,0,0
,0,0
,0,0
,0,0
,0,0
,0,0
,0,0
,0,0
,0,0
,0,0
,0,0
,0,0
,0,0
,0,0
,0,0
,0,0
,0,0
,0,0
,0,0
,0,0
,0,0
,0,0
,0,0
,0,0
,0,0
,0,0
,0,0
,0,0
,0,0
,0,0
,0,0
,0,0
,0,0
,0,0
,0,0
,0,0
,0,0
,0,0
,0,0
,0,0
,0,0
,0,0
,0,0
,0,0
,0,0
,0,0
,0,0
,0,0
,0,0
,0,0
,0,0
,0,0
,0,0
,0,0
,0,0
,0,0
,0,0
,0,0
,0,0
,0,0
,0,0
,0,0
,0,0
,0,0
,0,0
,0,0
,0,0
,0,0
,0,0
,0,0
,0,0
,0,0
,0,0
,0,0
,0,0
,0,0
,0,0
,0,0
,0,0
,0,0
,0,0
,0,0
,0,0
,0,0
,0,0
,0,0
,0,0
,0,0
,0,0
,0,0
,0,0
,0,0
,0,0
,0,0
,0,0
,0,0
,0,0
,0,0
,0,0
,0,0
,0,0
,0,0
,0,0
,0,0
,0,0
,0,0
,0,0
,0,0
,0,0
,0,0
,0,0
,0,0
,0,0
,0,0
,0,0
,0,0
,0,0
,0,0
,0,0
,0,0.0
,0,0.008829875518672252
,0,0.01294605809128637
,0,0.02549377593361
,0,0.01825726141078836
,0,0.026556016597510397
,0,0.033195020746887995
,0,0.03983402489626552
,0,0.02489626556016596
,0,0.02821576763485476
,0,0.02157676348547716
,0,0.022307053941908822
,0,0.011352697095435663
,0,0.013145228215767357
,0,0.06692116182572619
,0,0
,0,0
,0,0
,0,0
,0,0
,0,0
,0,0
,0,0
,0,0
,0,0.023236514522821522
,0,0.022307053941908822
,0,0.022572614107883724
,0,0.015535269709543713
,0,0.012547717842323627
,0,0.021112033195020932
,0,0
,0,0
,0,0
,0,0
,0,0
,0,0
,0,0
,0,0
,0,0
,0,0
,0,0
,0,0
,0,0
,0,0
,0,0
,0,0.0026556016597510538
,0,0.019917012448132796
,0,0.008298755186721962
,0,0.008298755186721962
,0,0.008298755186721962
,0,0.008298755186721962
,0,0.008298755186721962
,0,0.006307053941908674
,0,0.013278008298755199
,0,0
,0,0
,0,0.026556016597510397
,0,0.0026556016597510303
,0,0.03153526970954356
,0,0.0016597510373444365
,0,0.023236514522821595
,0,0.02821576763485476
,0,0.0016597510373444365
,0,0.01493775933609956
,0,0.026556016597510397
,0,0.016597510373443997
,0,0.02489626556016596
,0,0.023236514522821595
,0,0.023236514522821595
,0,0.02443153526970961
,0,0.0011286307053942164
,0,0.021244813278008243
,0,0
,0,0
,0,0
,0,0
,0,0
,0,0
,0,0.01858921161825721
,0,0.017659751037344365
,0,0.021576763485477234
,0,0.02071369294605816
,0,0.021576763485477234
,0,0.023236514522821595
,0,0.021576763485477234
,0,0.021576763485477234
,0,0.021576763485477234
,0,0.021576763485477234
,0,0.01985062240663909
,0,0.02137759336099591
,0,0.02071369294605816
,0,0.021576763485477234
,0,0.023236514522821595
,0,0.022705394190871326
,0,0.016398340248962653
,0,0.010356846473029004
,0,0.010356846473029004
,0,0.010356846473029004
,0,0.011219917012448228
,0,0.011219917012448228
,0,0.017659751037344462
,0,0.0051784232365145785
,0,0.00604149377593365
,0,0.006904564315352721
,0,0.010622406639004168
,0,0.0074356846473029176
,0,0.000929460580912844
,0,0.0008630705394190709
,0,0.0008630705394190709
,0,0.0008630705394190709
,0,0.0017261410788381418
,0,0.0017261410788381418
,0,0.001858921161825688
,0,0.0017261410788381418
,0,0.0017261410788381418
,0,0.002589211618257213
,0,0.0017261410788381362
,0,0
,0,0
,0,0
,0,0
,0,0
,0,0
,0,0
,0,0
,0,0
,0,0
,0,0
,0,0
,0,0
,0,0
,0,0
,0,0
,0,0
,0,0
,0,0
,0,0
,0,0
,0,0
,0,0
,0,0
,0,0
,0,0
,0,0
,0,0
,0,0
,0,0
,0,0
,0,0
,0,0
,0,0
,0,0
,0,0
,0,0
,0,0
,0,0
,0,0
,0,0
,0,0
,0,0
,0,0
,0,0
,0,0.003717842323651376
,0,0
,0,0
,0,0.0034522821576762723
,0,0
,0,0
,0,0
,0,0
,0,0
,0,0
,0,0
,0,0
,0,0
,0,0
,0,0
,0,0
,0,0
,0,0
,0,0
,0,0
,0,0
,0,0
,0,0
,0,0
,0,0
,0,0
,0,0
,0,0
,0,0
,0,0
,0,0
,0,0
,0,0
,0,0
,0,0
,0,0
,0,0
,0,0
,0,0
,0,0
,0,0
,0,0
,0,0
,0,0
,0,0.006506224066389899
,0,0.011950207468879407
,0,0.022771784232365224
,0,0.041427385892116426
,0,0.0458091286307055
,0,0.05802489626556001
,0,0.07468879668049788
,0,0.08796680497925308
,0,0.08132780082987548
,0,0.08962655601659744
,0,0.08630705394190864
,0,0.07966804979253105
,0,0.08630705394190864
,0,0
,0,0.08132780082987548
,0,0.08298755186721984
,0,0.07468879668049788
,0,0.07966804979253105
,0,0.07966804979253105
,0,0.07966804979253105
,0,0.08132780082987548
,0,0.07136929460580922
,0,0.07966804979253118
,0,0.07800829875518675
,0,0.06970954356846479
,0,0.07468879668049795
,0,0.06804979253112042
,0,0.07634854771784239
,0,0.07136929460580922
,0,0.06804979253112042
,0,0.07302904564315359
,0,0
,0,0
,0,0.07302904564315359
,0,0.06804979253112035
,0,0.07302904564315359
,0,0.07302904564315359
,0,0.06804979253112035
,0,0.06970954356846479
,0,0.06639004149377599
,0,0.07634854771784232
,0,0
,0,0.06639004149377599
,0,0.06639004149377592
,0,0.06970954356846472
,0,0.06307053941908712
,0,0.06970954356846472
,0,0.07136929460580915
,0,0.06307053941908712
,0,0.059751037344398315
,0,0.06473029045643156
,0,0.06141078838174275
,0,0.06804979253112035
,0,0.06141078838174275
,0,0.06141078838174275
,0,0.05809128630705395
,0,0.059751037344398315
,0,0.06141078838174275
,0,0.05643153526970952
,0,0.06473029045643156
,0,0.059751037344398315
,0,0.06307053941908712
,0,0.05809128630705395
,0,0.06473029045643147
,0,0.059751037344398315
,0,0.05297925311203339
,0,0.05019087136929479
,0,0.048199170124481404
,0,0.046738589211618366
,0,0.03717842323651452
,0,0.039302904564315344
,0,0.03824066390041496
,0,0.03611618257261412
,0,0.02124481327800821
,0,0.025228215767634756
,0,0.023236514522821466
,0,0.025228215767634756
,0,0.029477178423236293
,0,0.011950207468879832
,0,0.011618257261410941
,0,0.010954356846473171
,0,0.010622406639004295
,0,0
,0,0
,0,0
,0,0
,0,0
,0,0
,0,0
,0,0
,0,0.09294605809128638
,0,0.08962655601659751
,0,0.08298755186721991
,0,0.09626556016597511
,0,0.09128630705394188
,0,0.09626556016597511
,0,0
,0,0
,0,0.048796680497925446
,0,0.03717842323651442
,0,0
,0,0
,0,0
,0,0
,0,0
,0,0
,0,0
,0,0
,0,0
,0,0
,0,0
,0,0
,0,0.0
,0,0.0
,0,0.004182572614107894
,0,0.0
,0,0.004182572614107894
,0,0.003585062240663924
,0,0.004647302904564317
,0,0.003585062240663924
,0,0.003585062240663924
,0,0.0031867219917012736
,0,0.004182572614107894
,0,0.003585062240663924
,0,0.009958506224066455
,0,0.013145228215767727
,0,0.013145228215767727
,0,0.013145228215767727
,0,0
,0,0.013543568464730397
,0,0.013145228215767727
,0,0.013543568464730397
,0,0.013543568464730397
,0,0.013941908713693081
,0,0.013543568464730397
,0,0.013543568464730397
,0,0.013543568464730397
,0,0.013941908713693081
,0,0.014340248962655733
,0,0.013543568464730397
,0,0.013543568464730397
,0,0.013941908713693081
,0,0.013543568464730397
,0,0.013543568464730397
,0,0.013941908713693047
,0,0.014340248962655733
,0,0.013941908713693081
,0,0.0147385892116184
,0,0.013941908713693047
,0,0.013941908713693081
,0,0.013941908713693081
,0,0.014340248962655733
,0,0.013941908713693081
,0,0.013941908713693047
,0,0.013941908713693081
,0,0.014340248962655733
,0,0.013543568464730397
,0,0.014340248962655733
,0,0.013543568464730397
,0,0.013941908713693047
,0,0.013941908713693047
,0,0.014340248962655733
,0,0.013543568464730397
,0,0
,0,0.013941908713693047
,0,0.013941908713693047
,0,0.013941908713693047
,0,0.013941908713693047
,0,0.013941908713693047
,0,0.014340248962655714
,0,0.0147385892116184
,0,0.013941908713693047
,0,0.014340248962655733
,0,0.013941908713693047
,0,0
,0,0.014340248962655733
,0,0.014340248962655733
,0,0.014340248962655733
,0,0.0147385892116184
,0,0.013941908713693047
,0,0.013941908713693047
,0,0.013941908713693047
,0,0.013941908713693047
,0,0.013941908713693047
,0,0.013941908713693047
,0,0.013941908713693047
,0,0.013543568464730397
,0,0.013941908713693047
,0,0.013941908713693047
,0,0.013941908713693047
,0,0.013941908713693047
,0,0.013941908713693047
,0,0.013941908713693047
,0,0.013941908713693047
,0,0.013941908713693047
,0,0.013543568464730397
,0,0.013941908713693047
,0,0.014340248962655714
,0,0.013543568464730397
,0,0.013941908713693047
,0,0.013941908713693047
,0,0.013941908713693047
,0,0.013941908713693047
,0,0.013941908713693047
,0,0.013941908713693047
,0,0.013941908713693047
,0,0.013941908713693047
,0,0.014340248962655714
,0,0.013941908713693047
,0,0.01115352697095444
,0,0.013941908713693047
,0,0.013941908713693047
,0,0.014340248962655714
,0,0.013941908713693047
,0,0.013941908713693047
,0,0.014340248962655714
,0,0.013941908713693047
,0,0.013941908713693047
,0,0.014340248962655714
,0,0.013941908713693047
,0,0.013941908713693047
,0,0.013941908713693047
,0,0.014340248962655714
,0,0.013941908713693047
,0,0.013941908713693047
,0,0.013941908713693047
,0,0.014340248962655714
,0,0.013941908713693047
,0,0.013941908713693064
,0,0.014340248962655714
,0,0.013941908713693047
,0,0.014340248962655714
,0,0.014340248962655714
,0,0.013941908713693047
,0,0.013941908713693047
,0,0.014340248962655714
,0,0.013941908713693047
,0,0.014340248962655714
,0,0.013941908713693047
,0,0.013941908713693047
,0,0.014340248962655714
,0,0.014340248962655714
,0,0.013941908713693047
,0,0.013543568464730397
,0,0.013941908713693047
,0,0.013543568464730397
,0,0.013941908713693047
,0,0.014340248962655714
,0,0.013941908713693047
,0,0.013941908713693047
,0,0.013941908713693047
,0,0.013941908713693047
,0,0.013941908713693047
,0,0.013941908713693047
,0,0.014340248962655714
,0,0.013941908713693047
,0,0.013941908713693047
,0,0.013941908713693047
,0,0.013941908713693047
,0,0.013941908713693047
,0,0.014340248962655714
,0,0.013941908713693047
,0,0.013941908713693047
,0,0.013941908713693047
,0,0.01115352697095444
,0,0.014340248962655714
,0,0.013941908713693047
,0,0.014340248962655714
,0,0.013941908713693047
,0,0.011551867219917092
,0,0.013543568464730397
,0,0.013941908713693047
,0,0.013941908713693047
,0,0.013941908713693047
,0,0.013543568464730397
,0,0.01115352697095444
,0,0.013543568464730397
,0,0.013941908713693047
,0,0.014340248962655714
,0,0.013941908713693047
,0,0.013941908713693047
,0,0.013543568464730397
,0,0.013941908713693047
,0,0.013941908713693047
,0,0.013941908713693047
,0,0.013941908713693047
,0,0.013941908713693047
,0,0.013941908713693047
,0,0.014340248962655714
,0,0.013941908713693047
,0,0.013543568464730397
,0,0.014340248962655714
,0,0.013941908713693047
,0,0.013941908713693047
,0,0.013543568464730397
,0,0.013941908713693047
,0,0.013941908713693047
,0,0.013941908713693047
,0,0.013543568464730397
,0,0.013941908713693047
,0,0.013941908713693047
,0,0.013543568464730397
,0,0.013941908713693047
,0,0.01115352697095444
,0,0.013941908713693047
,0,0.011551867219917092
,0,0.013941908713693047
,0,0.013941908713693047
,0,0.014340248962655714
,0,0.011618257261410941
,0,0.013941908713693047
,0,0.013941908713693047
,0,0.013941908713693047
,0,0.013941908713693047
,0,0.014340248962655714
,0,0.013543568464730397
,0,0.013543568464730397
,0,0
,0,0.013941908713693047
,0,0.013543568464730397
,0,0.013543568464730397
,0,0.013941908713693047
,0,0.013941908713693047
,0,0.013941908713693047
,0,0.013941908713693047
,0,0.01115352697095444
,0,0.013543568464730397
,0,0.014340248962655714
,0,0.014340248962655714
,0,0.013941908713693047
,0,0.013941908713693047
,0,0
,0,0.013941908713693047
,0,0.013941908713693064
,0,0.014340248962655714
,0,0.014340248962655714
,0,0.013543568464730397
,0,0.013941908713693047
,0,0.014340248962655714
,0,0.013941908713693047
,0,0.013941908713693047
,0,0.014340248962655714
,0,0.014340248962655714
,0,0.013941908713693047
,0,0.014340248962655714
,0,0.013941908713693047
,0,0.013543568464730397
,0,0.014340248962655714
,0,0.014340248962655714
,0,0.013941908713693047
,0,0.013941908713693047
,0,0.011551867219917092
,0,0.013941908713693047
,0,0.013941908713693047
,0,0.013543568464730397
,0,0.013941908713693047
,0,0.013941908713693047
,0,0.013941908713693047
,0,0.014340248962655714
,0,0.014340248962655714
,0,0.014340248962655714
,0,0.013941908713693047
,0,0.013543568464730397
,0,0.013941908713693047
,0,0.011286307053942063
,0,0.013941908713693047
,0,0.014340248962655714
,0,0.013543568464730397
,0,0.013941908713693047
,0,0.013543568464730397
,0,0.013941908713693047
,0,0.014340248962655714
,0,0.013941908713693047
,0,0.013941908713693047
,0,0.013941908713693047
,0,0.013543568464730397
,0,0.011618257261410941
,0,0.014340248962655714
,0,0.013941908713693047
,0,0.013941908713693047
,0,0.013941908713693047
,0,0.013941908713693047
,0,0.013941908713693047
,0,0.013941908713693047
,0,0.013941908713693047
,0,0
,0,0.013543568464730397
,0,0.014340248962655714
,0,0.013941908713693047
,0,0.014340248962655714
,0,0.011618257261410941
,0,0.013941908713693047
,0,0.013543568464730397
,0,0.013941908713693047
,0,0.013941908713693047
,0,0.013941908713693047
,0,0.013941908713693047
,0,0.013941908713693047
,0,0.014340248962655714
,0,0.013543568464730397
,0,0.011950207468879832
,0,0.013941908713693047
,0,0.014340248962655714
,0,0.014340248962655714
,0,0.013941908713693047
,0,0.013941908713693047
,0,0.013941908713693047
,0,0.011618257261410941
,0,0.013941908713693047
,0,0.013941908713693047
,0,0.013941908713693047
,0,0.013543568464730397
,0,0.013941908713693047
,0,0.014340248962655714
,0,0.014340248962655714
,0,0.013941908713693047
,0,0.013543568464730397
,0,0.013941908713693047
,0,0.013941908713693047
,0,0.013543568464730397
,0,0.011618257261410941
,0,0.013941908713693047
,0,0.013941908713693047
,0,0.013941908713693047
,0,0.013941908713693047
,0,0.013941908713693047
,0,0.013941908713693047
,0,0.011286307053942063
,0,0.013941908713693047
,0,0.013941908713693081
,0,0.013941908713693047
,0,0.013941908713693047
,0,0.013941908713693047
,0,0.013941908713693047
,0,0.013941908713693047
,0,0.013941908713693047
,0,0.01115352697095444
,0,0.013941908713693047
,0,0.014340248962655714
,0,0.011618257261410941
,0,0.013941908713693047
,0,0.013941908713693047
,0,0.013941908713693047
,0,0.013941908713693047
,0,0.013941908713693047
,0,0.01115352697095444
,0,0.013941908713693047
,0,0.013941908713693047
,0,0.013941908713693047
,0,0.013941908713693047
,0,0.013941908713693047
,0,0.013941908713693047
,0,0.013941908713693047
,0,0.013941908713693047
,0,0.013941908713693047
,0,0.013543568464730397
,0,0.013941908713693047
,0,0.013941908713693047
,0,0.013543568464730397
,0,0.013941908713693047
,0,0.013941908713693047
,0,0.013941908713693047
,0,0.014340248962655714
,0,0.013941908713693047
,0,0.013543568464730397
,0,0.013941908713693047
,0,0.013941908713693047
,0,0.013543568464730397
,0,0.013941908713693047
,0,0.013941908713693047
,0,0.013543568464730397
,0,0.013941908713693047
,0,0.014340248962655714
,0,0.013941908713693047
,0,0.013941908713693047
,0,0.013941908713693047
,0,0.013941908713693047
,0,0.013543568464730397
,0,0.014340248962655714
,0,0.013543568464730397
,0,0.013941908713693047
,0,0.014340248962655714
,0,0.01115352697095444
,0,0
,0,0.013941908713693047
,0,0.013543568464730397
,0,0.013941908713693047
,0,0.013941908713693047
,0,0.013543568464730397
,0,0.013543568464730397
,0,0.013543568464730397
,0,0.013941908713693047
,0,0.014340248962655714
,0,0.01115352697095444
,0,0.013941908713693047
,0,0.013941908713693047
,0,0.013543568464730397
,0,0.013543568464730397
,0,0
,0,0
,0,0.013543568464730397
,0,0.013941908713693047
,0,0.013543568464730397
,0,0.014340248962655714
,0,0.014340248962655714
,0,0
,0,0
,0,0.014340248962655714
,0,0.013543568464730397
,0,0.013941908713693047
,0,0.013941908713693047
,0,0.013941908713693047
,0,0.013941908713693047
,0,0.013543568464730397
,0,0.013543568464730397
,0,0.013941908713693047
,0,0.013941908713693047
,0,0.014340248962655714
,0,0.013941908713693047
,0,0.013941908713693047
,0,0.013543568464730397
,0,0
,0,0.014340248962655714
,0,0.013543568464730397
,0,0.013543568464730397
,0,0.013941908713693047
,0,0.014340248962655714
,0,0.014340248962655714
,0,0.013941908713693047
,0,0.014340248962655714
,0,0.014340248962655714
,0,0.013941908713693047
,0,0.013941908713693047
,0,0.014340248962655714
,0,0.014340248962655714
,0,0.013543568464730397
,0,0.01115352697095444
,0,0.013543568464730397
,0,0.014340248962655714
,0,0.014340248962655714
,0,0.013941908713693047
,0,0.014340248962655714
,0,0.014340248962655714
,0,0.013941908713693047
,0,0.013941908713693047
,0,0.013543568464730397
,0,0.013941908713693047
,0,0.013941908713693047
,0,0.013941908713693047
,0,0.013941908713693047
,0,0.013941908713693047
,0,0.014340248962655714
,0,0.013941908713693047
,0,0.013941908713693047
,0,0.013543568464730397
,0,0.010755186721991774
,0,0.014340248962655714
,0,0.014340248962655714
,0,0.013543568464730397
,0,0.014340248962655714
,0,0.013941908713693047
,0,0.013941908713693047
,0,0.013543568464730397
,0,0.013941908713693047
,0,0.013941908713693047
,0,0.013941908713693047
,0,0.013543568464730397
,0,0.013543568464730397
,0,0.013941908713693047
,0,0.013941908713693047
,0,0.011551867219917092
,0,0.013941908713693047
,0,0.013543568464730397
,0,0.013941908713693047
,0,0.013941908713693047
,0,0.013543568464730397
,0,0.013941908713693047
,0,0.013941908713693047
,0,0.01115352697095444
,0,0.014340248962655714
,0,0.013543568464730397
,0,0.013941908713693047
,0,0.013543568464730397
,0,0.013941908713693047
,0,0.013941908713693047
,0,0.013543568464730397
,0,0.013941908713693047
,0,0.013543568464730397
,0,0.013941908713693047
,0,0.013941908713693047
,0,0.013941908713693047
,0,0.013941908713693047
,0,0.013941908713693047
,0,0.013941908713693047
,0,0.013941908713693047
,0,0
,0,0.013941908713693047
,0,0.013941908713693047
,0,0.013941908713693047
,0,0.013941908713693047
,0,0.013941908713693047
,0,0.014340248962655714
,0,0.013941908713693047
,0,0.013543568464730397
,0,0.014340248962655714
,0,0.014340248962655714
,0,0.013941908713693047
,0,0.01115352697095444
,0,0.013941908713693047
,0,0.013941908713693047
,0,0.013941908713693047
,0,0.013941908713693047
,0,0.013941908713693047
,0,0.013941908713693047
,0,0.014340248962655714
,0,0.014340248962655714
,0,0.013543568464730397
,0,0.013941908713693047
,0,0.013941908713693047
,0,0.013543568464730397
,0,0.013543568464730397
,0,0.013941908713693047
,0,0.013941908713693047
,0,0.014340248962655714
,0,0.013941908713693047
,0,0.013543568464730397
,0,0.013543568464730397
,0,0.013941908713693047
,0,0.013543568464730397
,0,0.013941908713693047
,0,0.013941908713693047
,0,0.013941908713693047
,0,0.014340248962655714
,0,0.014340248962655714
,0,0.013543568464730397
,0,0.013543568464730397
,0,0.013543568464730397
,0,0.013543568464730397
,0,0.013941908713693047
,0,0.013941908713693047
,0,0.013941908713693047
,0,0.013941908713693047
,0,0.013941908713693047
,0,0.013941908713693047
,0,0.014340248962655714
,0,0.013941908713693047
,0,0.013941908713693047
,0,0.013941908713693047
,0,0.013941908713693047
,0,0.013941908713693047
,0,0.013941908713693047
,0,0.013941908713693047
,0,0.014340248962655714
,0,0.014340248962655714
,0,0.013941908713693047
,0,0.013543568464730397
,0,0.013543568464730397
,0,0.013543568464730397
,0,0.013941908713693047
,0,0.013941908713693047
,0,0.013543568464730397
,0,0.013941908713693047
,0,0.013941908713693047
,0,0.014340248962655714
,0,0.014340248962655714
,0,0.013941908713693047
,0,0
,0,0
,0,0.013941908713693047
,0,0.014340248962655714
,0,0.013941908713693047
,0,0.013941908713693047
,0,0.013941908713693047
,0,0
,0,0
,0,0.013543568464730397
,0,0.013941908713693047
,0,0.013543568464730397
,0,0.013941908713693047
,0,0.013941908713693047
,0,0.013941908713693047
,0,0.013543568464730397
,0,0.014340248962655714
,0,0.013941908713693064
,0,0.014340248962655714
,0,0.01115352697095444
,0,0.013543568464730397
,0,0.013543568464730397
,0,0.013941908713693064
,0,0.014340248962655714
,0,0.014340248962655714
,0,0.013941908713693047
,0,0.013941908713693047
,0,0.014340248962655714
,0,0.014340248962655714
,0,0.013941908713693047
,0,0.013941908713693047
,0,0.014340248962655714
,0,0.013543568464730397
,0,0.013941908713693047
,0,0.013941908713693047
,0,0.013543568464730397
,0,0.013543568464730397
,0,0.013941908713693047
,0,0.013941908713693047
,0,0.013941908713693047
,0,0.013941908713693047
,0,0.013941908713693047
,0,0.014340248962655714
,0,0.013941908713693047
,0,0.013941908713693047
,0,0.013543568464730397
,0,0.013941908713693047
,0,0.013543568464730397
,0,0.013543568464730397
,0,0.01115352697095444
,0,0.013941908713693047
,0,0.013941908713693047
,0,0.013941908713693047
,0,0.013543568464730397
,0,0.013941908713693047
,0,0.013543568464730397
,0,0.013941908713693047
,0,0.013941908713693047
,0,0.013941908713693047
,0,0.013941908713693047
,0,0.013941908713693047
,0,0.013941908713693047
,0,0.013941908713693047
,0,0.013941908713693047
,0,0.013941908713693047
,0,0
,0,0.013941908713693047
,0,0.01115352697095444
,0,0.01115352697095444
,0,0.013941908713693047
,0,0.013941908713693047
,0,0.013941908713693047
,0,0.013941908713693047
,0,0.013941908713693047
,0,0.013941908713693047
,0,0.013941908713693047
,0,0.013941908713693047
,0,0.013941908713693047
,0,0.013543568464730397
,0,0.013543568464730397
,0,0.013941908713693047
,0,0.013941908713693047
,0,0.013543568464730397
,0,0.014340248962655714
,0,0.013543568464730397
,0,0.013941908713693047
,0,0.013941908713693047
,0,0.013543568464730397
,0,0.013543568464730397
,0,0.013543568464730397
,0,0.013941908713693047
,0,0.013543568464730397
,0,0.013941908713693047
,0,0.013941908713693047
,0,0.013941908713693047
,0,0.014340248962655714
,0,0.014340248962655714
,0,0.013941908713693047
,0,0.013543568464730397
,0,0.014340248962655714
,0,0.013941908713693047
,0,0.014340248962655714
,0,0.014340248962655714
,0,0.014340248962655714
,0,0.013543568464730397
,0,0.013543568464730397
,0,0.014340248962655714
,0,0.014340248962655714
,0,0.013941908713693047
,0,0.013941908713693047
,0,0.014340248962655714
,0,0.013941908713693047
,0,0.013941908713693047
,0,0.014340248962655714
,0,0.014340248962655714
,0,0.013543568464730397
,0,0.014340248962655714
,0,0.013941908713693064
,0,0.013941908713693047
,0,0.014340248962655714
,0,0.013543568464730397
,0,0.013941908713693047
,0,0.013941908713693047
,0,0.014340248962655714
,0,0.013941908713693064
,0,0.014340248962655714
,0,0.013941908713693047
,0,0.013941908713693047
,0,0.013543568464730397
,0,0.013941908713693047
,0,0.013941908713693047
,0,0.013941908713693047
,0,0.013941908713693047
,0,0.013941908713693047
,0,0.014340248962655714
,0,0.014340248962655714
,0,0
,0,0.013941908713693047
,0,0.013941908713693047
,0,0.013543568464730397
,0,0.013543568464730397
,0,0.014340248962655714
,0,0.013941908713693047
,0,0.014340248962655714
,0,0.014340248962655714
,0,0.013941908713693047
,0,0.013941908713693047
,0,0.013941908713693047
,0,0.014340248962655714
,0,0.014340248962655714
,0,0.013543568464730397
,0,0.013941908713693047
,0,0.013941908713693047
,0,0.013941908713693064
,0,0.013941908713693047
,0,0.013145228215767746
,0,0.013543568464730397
,0,0.013941908713693047
,0,0.013941908713693047
,0,0.013941908713693047
,0,0.013941908713693064
,0,0.013543568464730397
,0,0.013941908713693047
,0,0.013941908713693064
,0,0.013543568464730397
,0,0.014340248962655714
,0,0.013941908713693047
,0,0.013941908713693064
,0,0.014340248962655714
,0,0
,0,0
,0,0.014340248962655714
,0,0.013941908713693047
,0,0.013941908713693047
,0,0.014340248962655714
,0,0
,0,0
,0,0.014340248962655714
,0,0.01115352697095444
,0,0.013941908713693047
,0,0.013941908713693047
,0,0.014340248962655714
,0,0.013941908713693047
,0,0.013941908713693047
,0,0.013941908713693047
,0,0.013941908713693047
,0,0.014340248962655714
,0,0.014340248962655714
,0,0.013941908713693047
,0,0.014340248962655714
,0,0.014340248962655714
,0,0.014340248962655714
,0,0.013543568464730397
,0,0.011551867219917092
,0,0.013941908713693047
,0,0.014340248962655714
,0,0.013941908713693047
,0,0.013543568464730397
,0,0.013941908713693047
,0,0.013941908713693047
,0,0.013941908713693047
,0,0.013941908713693047
,0,0.013941908713693047
,0,0.013941908713693047
,0,0
,0,0.013543568464730397
,0,0.011551867219917092
,0,0.013941908713693047
,0,0.014340248962655714
,0,0.011551867219917092
,0,0.013941908713693047
,0,0.013543568464730397
,0,0.013941908713693047
,0,0.013543568464730397
,0,0.013941908713693047
,0,0.01115352697095444
,0,0.013941908713693047
,0,0.014340248962655714
,0,0.013941908713693047
,0,0
,0,0.013543568464730397
,0,0.014340248962655714
,0,0.013941908713693047
,0,0.013941908713693047
,0,0.013941908713693047
,0,0.013941908713693047
,0,0.013941908713693047
,0,0.013543568464730397
,0,0.014340248962655714
,0,0.013941908713693047
,0,0.013941908713693047
,0,0.014340248962655714
,0,0.013941908713693047
,0,0.013543568464730397
,0,0.014340248962655714
,0,0.014340248962655714
,0,0.014340248962655714
,0,0.014340248962655714
,0,0.014340248962655714
,0,0.014340248962655714
,0,0.011551867219917092
,0,0.014340248962655714
,0,0.013941908713693047
,0,0.014340248962655714
,0,0.013543568464730397
,0,0.013941908713693047
,0,0.013941908713693047
,0,0.014340248962655714
,0,0.014340248962655714
,0,0.013543568464730397
,0,0.014340248962655714
,0,0.013941908713693047
,0,0.014340248962655714
,0,0.013543568464730397
,0,0.014340248962655714
,0,0.013543568464730397
,0,0.014340248962655714
,0,0.014340248962655714
,0,0.014340248962655714
,0,0.014340248962655714
,0,0.014340248962655714
,0,0.014340248962655714
,0,0.013941908713693047
,0,0.013941908713693047
,0,0.011551867219917092
,0,0.013941908713693047
,0,0.011551867219917092
,0,0.013941908713693047
,0,0.013941908713693047
,0,0.014340248962655714
,0,0.014340248962655714
,0,0.01115352697095444
,0,0.013941908713693047
,0,0.014340248962655714
,0,0.013941908713693047
,0,0.014340248962655714
,0,0.013941908713693047
,0,0.013941908713693047
,0,0.013941908713693047
,0,0.013941908713693047
,0,0.013941908713693047
,0,0.013941908713693047
,0,0.013941908713693047
,0,0.014340248962655714
,0,0.011950207468879832
,0,0.014340248962655714
,0,0.014340248962655714
,0,0.013941908713693047
,0,0.014340248962655714
,0,0.013941908713693047
,0,0.011551867219917092
,0,0.014340248962655714
,0,0.013941908713693047
,0,0.014340248962655714
,0,0.014340248962655714
,0,0.013941908713693047
,0,0.013941908713693047
,0,0.013941908713693047
,0,0.014340248962655714
,0,0.013941908713693047
,0,0.013941908713693047
,0,0.014340248962655714
,0,0.014340248962655714
,0,0.013941908713693047
,0,0.013941908713693047
,0,0.013941908713693047
,0,0.013941908713693047
,0,0.013941908713693047
,0,0.013941908713693047
,0,0.013941908713693047
,0,0.014340248962655714
,0,0.013941908713693047
,0,0.013941908713693047
,0,0.014340248962655714
,0,0.014340248962655714
,0,0.013941908713693047
,0,0.013543568464730397
,0,0.014340248962655714
,0,0.013941908713693047
,0,0.013941908713693047
,0,0.014340248962655714
,0,0.014340248962655714
,0,0.014340248962655714
,0,0.013941908713693047
,0,0.013941908713693047
,0,0.013941908713693047
,0,0.013941908713693047
,0,0.013941908713693047
,0,0.014340248962655714
,0,0.013941908713693047
,0,0.013941908713693047
,0,0.013941908713693047
,0,0.013941908713693047
,0,0.014340248962655714
,0,0.013941908713693047
,0,0.013941908713693047
,0,0.014340248962655714
,0,0.01115352697095444
,0,0.014340248962655714
,0,0.014340248962655714
,0,0.013941908713693047
,0,0.013941908713693047
,0,0.013941908713693047
,0,0.013941908713693047
,0,0
,0,0.013941908713693047
,0,0.014340248962655714
,0,0.013941908713693047
,0,0.013941908713693047
,0,0.013941908713693047
,0,0.013941908713693047
,0,0.013543568464730397
,0,0.014340248962655714
,0,0.014340248962655714
,0,0.013543568464730397
,0,0.013543568464730397
,0,0.013941908713693047
,0,0.013941908713693047
,0,0.014340248962655714
,0,0.013941908713693047
,0,0.013941908713693047
,0,0.013941908713693047
,0,0.013941908713693047
,0,0.014340248962655714
,0,0.013941908713693047
,0,0.014340248962655714
,0,0.013941908713693047
,0,0.013941908713693047
,0,0.014340248962655714
,0,0.014340248962655714
,0,0.013941908713693047
,0,0.013941908713693047
,0,0.013941908713693047
,0,0.013941908713693047
,0,0.013941908713693047
,0,0.013543568464730397
,0,0.013941908713693047
,0,0.014340248962655714
,0,0.014340248962655714
,0,0.014340248962655714
,0,0.014340248962655714
,0,0.014340248962655714
,0,0.013941908713693047
,0,0.013941908713693047
,0,0.014340248962655714
,0,0.014340248962655714
,0,0.014340248962655714
,0,0.013941908713693047
,0,0.014340248962655714
,0,0.013941908713693047
,0,0.013941908713693047
,0,0.014340248962655714
,0,0.011551867219917092
,0,0.014340248962655714
,0,0.013941908713693047
,0,0.014340248962655714
,0,0.013941908713693047
,0,0.013941908713693047
,0,0.013941908713693047
,0,0.014340248962655714
,0,0.013941908713693047
,0,0.014340248962655714
,0,0.013941908713693047
,0,0.014340248962655714
,0,0
,0,0
,0,0.014340248962655714
,0,0.014340248962655714
,0,0.013941908713693047
,0,0.014340248962655714
,0,0.013941908713693047
,0,0.013941908713693047
,0,0.013941908713693047
,0,0.013941908713693047
,0,0
,0,0.014340248962655714
,0,0.014340248962655714
,0,0.014340248962655714
,0,0.013941908713693047
,0,0.014340248962655714
,0,0
,0,0
,0,0.014340248962655714
,0,0.014340248962655714
,0,0.014340248962655714
,0,0.014340248962655714
,0,0.014340248962655714
,0,0.013941908713693047
,0,0.014340248962655714
,0,0.013941908713693047
,0,0.014340248962655714
,0,0.013941908713693047
,0,0.013941908713693047
,0,0.014340248962655714
,0,0.014340248962655714
,0,0.013941908713693047
,0,0.013941908713693047
,0,0.013941908713693047
,0,0.014340248962655714
,0,0.013941908713693047
,0,0.013941908713693047
,0,0.013941908713693047
,0,0.013941908713693047
,0,0
,0,0.013941908713693047
,0,0.013941908713693047
,0,0.014340248962655714
,0,0.014340248962655714
,0,0.014340248962655714
,0,0.013941908713693047
,0,0.013941908713693047
,0,0.014340248962655714
,0,0.013941908713693047
,0,0.013941908713693047
,0,0.014340248962655714
,0,0.013941908713693047
,0,0.013941908713693047
,0,0.014340248962655714
,0,0.01115352697095444
,0,0.014340248962655714
,0,0.013941908713693047
,0,0.014340248962655714
,0,0.013941908713693047
,0,0.013941908713693047
,0,0.014340248962655714
,0,0.013941908713693047
,0,0.014340248962655714
,0,0.013941908713693047
,0,0.013941908713693047
,0,0.014340248962655714
,0,0.014340248962655714
,0,0.014340248962655714
,0,0.013941908713693047
,0,0.014340248962655714
,0,0.014340248962655714
,0,0.013941908713693047
,0,0.013941908713693047
,0,0.013941908713693047
,0,0.013941908713693047
,0,0.013941908713693047
,0,0.014340248962655714
,0,0.013941908713693047
,0,0.013941908713693047
,0,0.013941908713693047
,0,0.014340248962655714
,0,0.014340248962655714
,0,0
,0,0.014340248962655714
,0,0.013941908713693047
,0,0.014340248962655714
,0,0.014340248962655714
,0,0.014340248962655714
,0,0.013941908713693047
,0,0.014340248962655714
,0,0.01228215767634871
,0,0.011551867219917092
,0,0.014340248962655714
,0,0.013941908713693047
,0,0.014340248962655714
,0,0.011618257261410941
,0,0.013941908713693047
,0,0.011950207468879832
,0,0.014340248962655714
,0,0.013543568464730397
,0,0.011618257261410941
,0,0.013941908713693047
,0,0.011618257261410941
,0,0.013941908713693047
,0,0.014340248962655714
,0,0.014340248962655714
,0,0.011286307053942063
,0,0.011950207468879832
,0,0
,0,0
,0,0.011618257261410941
,0,0.014340248962655714
,0,0.014340248962655714
,0,0.013941908713693047
,0,0.013941908713693047
,0,0.013941908713693047
,0,0.009626556016597634
,0,0.013941908713693047
,0,0.014340248962655714
,0,0.01115352697095444
,0,0.011618257261410941
,0,0.014340248962655714
,0,0.013941908713693047
,0,0.014340248962655714
,0,0.013941908713693047
,0,0.013941908713693047
,0,0.013941908713693047
,0,0.011618257261410941
,0,0.011618257261410941
,0,0.01115352697095444
,0,0.014340248962655714
,0,0.009626556016597634
,0,0.013941908713693047
,0,0.013941908713693047
,0,0.011950207468879832
,0,0.011950207468879832
,0,0.013941908713693047
,0,0.013941908713693047
,0,0.014340248962655714
,0,0.013941908713693047
,0,0.01115352697095444
,0,0.013543568464730397
,0,0.011618257261410941
,0,0.013941908713693047
,0,0.014340248962655714
,0,0.013941908713693047
,0,0.013941908713693047
,0,0.013941908713693047
,0,0.013941908713693047
,0,0.014340248962655714
,0,0.01115352697095444
,0,0.014340248962655714
,0,0.011618257261410941
,0,0.013941908713693047
,0,0.014340248962655714
,0,0.014340248962655714
,0,0.014340248962655714
,0,0.013941908713693047
,0,0.011618257261410941
,0,0.013941908713693047
,0,0.011950207468879832
,0,0.011618257261410941
,0,0.013941908713693047
,0,0.013941908713693047
,0,0.011551867219917092
,0,0.013941908713693047
,0,0.014340248962655733
,0,0.014340248962655714
,0,0.014340248962655714
,0,0.014340248962655714
,0,0
,0,0
,0,0
,0,0
,0,0
,0,0
,0,0
,0,0
,0,0
,0,0.013941908713693047
,0,0.013941908713693047
,0,0.013941908713693047
,0,0.014340248962655714
,0,0.014340248962655714
,0,0.013941908713693047
,0,0.014340248962655714
,0,0.013941908713693047
,0,0
,0,0
,0,0
,0,0
,0,0
,0,0
,0,0
,0,0
,0,0
,0,0
,0,0.001991701244813323
,0,0.002390041493775973
,0,0.0027883817427386236
,0,0.0031867219917012736
,0,0.0031867219917012736
,0,0.0031867219917012736
,0,0.0031867219917012736
,0,0.0031867219917012736
,0,0.0031867219917012736
,0,0.01115352697095444
,0,0.014340248962655714
,0,0.013941908713693047
,0,0.014340248962655714
,0,0.013941908713693047
,0,0.014340248962655714
,0,0.011551867219917127
,0,0.014340248962655714
,0,0.014340248962655714
,0,0.014340248962655714
,0,0.014340248962655714
,0,0.014340248962655714
,0,0
,0,0.013941908713693047
,0,0.014340248962655714
,0,0.014340248962655714
,0,0.013941908713693047
,0,0.014340248962655714
,0,0.013543568464730397
,0,0.014340248962655714
,0,0
,0,0.013941908713693047
,0,0.013941908713693047
,0,0
,0,0
,0,0
,0,0.013941908713693047
,0,0
,0,0
,0,0.013941908713693047
,0,0.013145228215767727
,0,0.012746887966805079
,0,0.013941908713692995
,0,0.0019253112033194581
,0,0.0021908713692945564
,0,0.0020580912863070074
,0,0.0018589211618256852
,0,0.0023900414937758816
,0,0
,0,0
,0,0
,0,0
,0,0
,0,0
,0,0
,0,0
,0,0
,0,0
,0,0
,0,0
,0,0
,0,0
,0,0
,0,0
,0,0
,0,0
,0,0
,0,0
,0,0
,0,0
,0,0
,0,0
,0,0
,0,0
,0,0
,0,0
,0,0
,0,0
,0,0
,0,0
,0,0
,0,0
,0,0
,0,0
,0,0
,0,0
,0,0
,0,0
,0,0
,0,0
,0,0
,0,0
,0,0
,0,0
,0,0
,0,0
,0,0
,0,0
,0,0
,0,0
,0,0
,0,0
,0,0
,0,0
,0,0
,0,0
,0,0
,0,0
,0,0
,0,0
,0,0
,0,0
,0,0
,0,0
,0,0
,0,0
,0,0
,0,0
,0,0
,0,0
,0,0
,0,0
,0,0
,0,0
,0,0
,0,0
,0,0
,0,0
,0,0
,0,0
,0,0
,0,0
,0,0
,0,0
,0,0
,0,0
,0,0
,0,0
,0,0
,0,0
,0,0
,0,0
,0,0
,0,0
,0,0.00019917012448132814
,0,0.0019917012448132845
,0,0.0033195020746887996
,0,0.0033195020746887996
,0,0.0033195020746887996
,0,0.004979253112033236
,0,0.004979253112033236
,0,0.004979253112033236
,0,0.004979253112033236
,0,0.004979253112033236
,0,0.004979253112033236
,0,0.013278008298755199
,0,0.019917012448132796
,0,0.004979253112033236
,0,0.013278008298755199
,0,0.02821576763485476
,0,0.033195020746887995
,0,0.023236514522821595
,0,0.016597510373443997
,0,0.006639004149377599
,0,0.02489626556016596
,0,0.02987551867219912
,0,0.013278008298755199
,0,0.0033195020746887996
,0,0.02987551867219912
,0,0.0019917012448132845
,0,0.008962655601659757
,0,0.0013278008298755152
,0,0.0007966804979252948
,0,0
,0,0
,0,0
,0,0
,0,0
,0,0
,0,0
,0,0
,0,0
,0,0
,0,0
,0,0
,0,0
,0,0
,0,0
,0,0.008763485477178225
,0,0.022771784232365224
,0,0.037443983402489396
,0,0.06273858921161853
,0,0.07136929460580915
,0,0.07800829875518675
,0,0.06639004149377599
,0,0.019917012448132796
,0,0.006639004149377599
,0,0.0019917012448132875
,0,0
,0,0
,0,0
,0,0
,0,0
,0,0
,0,0
,0,0
,0,0
,0,0
,0,0
,0,0
,0,0
,0,0
,0,0.014605809128630637
,0,0.037178423236514366
,0,0.04979253112033192
,0,0.02821576763485476
,0,0.03983402489626552
,0,0.04315352697095432
,0,0.024896265560166032
,0,0.026556016597510397
,0,0.03153526970954363
,0,0.03485477178423243
,0,0.03651452282157679
,0,0.04149377593360996
,0,0.01659751037344407
,0,0.018257261410788435
,0,0.018257261410788435
,0,0.018257261410788435
,0,0.014605809128630694
,0,0.009958506224066377
,0,0.004979253112033277
,0,0.0
,0,0
,0,0
,0,0
,0,0
,0,0
,0,0
,0,0
,0,0
,0,0
,0,0
,0,0
,0,0
,0,0
,0,0.009493775933610043
,0,0
,0,0
,0,0
,0,0
,0,0.014937759336099655
,0,0.007767634854771818
,0,0
,0,0
,0,0
,0,0
,0,0
,0,0
,0,0
,0,0
,0,0
,0,0
,0,0
,0,0
,0,0
,0,0
,0,0
,0,0
,0,0
,0,0
,0,0
,0,0
,0,0
,0,0
,0,0
,0,0
,0,0
,0,0
,0,0
,0,0
,0,0
,0,0
,0,0.021112033195020894
,0,0.058688796680497854
,0,0.08464730290456442
,0,0.08132780082987555
,0,0.09792531120331947
,0,0.08464730290456428
,0,0.09626556016597511
,0,0.08962655601659751
,0,0.07966804979253105
,0,0.08962655601659736
,0,0.09294605809128638
,0,0.08298755186721991
,0,0.08962655601659751
,0,0.07800829875518668
,0,0.08298755186721991
,0,0.08298755186721991
,0,0.02230705394190878
,0,0.0
,0,0
,0,0
,0,0.009294605809128576
,0,0
,0,0.018257261410788435
,0,0.007767634854771765
,0,0.006904564315352697
,0,0
,0,0
,0,0
,0,0.008298755186721962
,0,0.008298755186721962
,0,0.009958506224066325
,0,0.009958506224066325
,0,0.011618257261410688
,0,0.009958506224066325
,0,0.013278008298755051
,0,0.009759336099585018
,0,0.005311203319502001
,0,0.014605809128630578
,0,0.0
,0,0
,0,0
,0,0
,0,0
,0,0
,0,0
,0,0
,0,0
,0,0
,0,0
,0,0
,0,0
,0,0
,0,0
,0,0
,0,0
,0,0
,0,0
,0,0
,0,0
,0,0
,0,0
,0,0
,0,0
,0,0
,0,0
,0,0
,0,0
,0,0
,0,0
,0,0
,0,0
,0,0
,0,0
,0,0
,0,0
,0,0
,0,0
,0,0
,0,0
,0,0
,0,0
,0,0
,0,0
,0,0
,0,0
,0,0
,0,0
,0,0
,0,0
,0,0
,0,0
,0,0
,0,0
,0,0
,0,0
,0,0
,0,0
,0,0
,0,0
,0,0
,0,0
,0,0
,0,0
,0,0
,0,0
,0,0
,0,0
,0,0
,0,0
,0,0.007302904564315321
,0,0.01394190871369299
,0,0.019917012448132796
,0,0.009958506224066398
,0,0
,0,0
,0,0
,0,0
,0,0
,0,0
,0,0
,0,0
,0,0.05311203319502072
,0,0.05311203319502072
,0,0.05311203319502072
,0,0.05311203319502072
,0,0.051452282157676284
,0,0.04647302904564312
,0,0.04315352697095432
,0,0.03817427385892123
,0,0.033195020746887995
,0,0.028215767634854907
,0,0
,0,0
,0,0.03153526970954363
,0,0.01912033195020736
,0,0.002788381742738529
,0,0
,0,0
,0,0
,0,0
,0,0
,0,0
,0,0
,0,0
,0,0
,0,0
,0,0
,0,0
,0,0
,0,0
,0,0
,0,0
,0,0
,0,0
,0,0
,0,0
,0,0
,0,0
,0,0.0
,0,0.022572614107883724
,0,0.018257261410788435
,0,0.04182572614107898
,0,0.023302904564315493
,0,0
,0,0.013941908713692892
,0,0.02390041493775932
,0,0.026290456431535367
,0,0
,0,0.007900414937759365
,0,0.02821576763485476
,0,0.018257261410788435
,0,0.016066390041493805
,0,0.006639004149377576
,0,0
,0,0
,0,0
,0,0
,0,0
,0,0
,0,0.010887966804979011
,0,0.024697095435684487
,0,0.04514522821576745
,0,0.06307053941908712
,0,0.04149377593360996
,0,0.048132780082987554
,0,0.05477178423236508
,0,0.059751037344398315
,0,0.03983402489626552
,0,0.04149377593360988
,0,0.04315352697095432
,0,0.04647302904564312
,0,0.04813278008298748
,0,0.053112033195020794
,0,0.053112033195020794
,0,0
,0,0.05145228215767643
,0,0.053112033195020794
,0,0.02821576763485483
,0,0.024896265560166032
,0,0.01434024896265559
,0,0.004182572614107935
,0,0.004248962655601667
,0,0
,0,0
,0,0
,0,0
,0,0
,0,0
,0,0
,0,0
,0,0
,0,0
,0,0
,0,0
,0,0.011153526970954364
,0,0.04063070539419079
,0,0.05643153526970952
,0,0.03983402489626559
,0,0.04315352697095432
,0,0
,0,0.013875518672199117
,0,0.016597510373443997
,0,0.01493775933609956
,0,0.01493775933609956
,0,0
,0,0.04647302904564312
,0,0.044813278008298756
,0,0.03107053941908706
,0,0.009958506224066473
,0,0.003452282157676278
,0,0
,0,0
,0,0
,0,0
,0,0
,0,0
,0,0
,0,0
,0,0
,0,0
,0,0
,0,0
,0,0
,0,0
,0,0
,0,0
,0,0
,0,0
,0,0
,0,0
,0,0
,0,0
,0,0
,0,0
,0,0
,0,0
,0,0
,0,0
,0,0
,0,0
,0,0
,0,0
,0,0
,0,0
,0,0
,0,0
,0,0
,0,0
,0,0
,0,0
,0,0
,0,0
,0,0
,0,0
,0,0
,0,0
,0,0
,0,0
,0,0.03624896265560182
,0,0
,0,0.11757676348547745
,0,0.11246473029045682
,0,0.13278008298755198
,0,0.0023236514522822
,0,0
,0,0.010091286307053924
,0,0.01115352697095427
,0,0.05112033195020725
,0,0.05696265560165947
,0,0.05769294605809099
,0,0
,0,0
,0,0
,0,0
,0,0
,0,0
,0,0
,0,0
,0,0
,0,0
,0,0
,0,0
,0,0
,0,0
,0,0.0013278008298754855
,0,0
,0,0
,0,0
,0,0
,0,0
,0,0
,0,0
,0,0
,0,0
,0,0
,0,0
,0,0
,0,0
,0,0
,0,0
,0,0
,0,0
,0,0
,0,0
,0,0
,0,0
,0,0
,0,0
,0,0
,0,0
,0,0
,0,0
,0,0
,0,0
,0,0
,0,0
,0,0
,0,0
,0,0
,0,0
,0,0
,0,0
,0,0
,0,0
,0,0
,0,0.0013278008298754915
,0,0.008763485477178392
,0,0.01460580912863076
,0,0.016597510373443997
,0,0.01493775933609956
,0,0.013278008298755199
,0,0.033195020746887995
,0,0.02987551867219912
,0,0.024896265560165887
,0,0.04149377593360988
,0,0.031535269709543484
,0,0.03153526970954363
,0,0.026556016597510397
,0,0.04149377593361003
,0,0.044813278008298756
,0,0.03817427385892116
,0,0.02987551867219912
,0,0
,0,0.029211618257261453
,0,0.01679668049792519
,0,0
,0,0
,0,0
,0,0
,0,0
,0,0
,0,0
,0,0
,0,0
,0,0
,0,0
,0,0
,0,0
,0,0
,0,0
,0,0
,0,0
,0,0
,0,0
,0,0
,0,0
,0,0
,0,0
,0,0
,0,0
,0,0
,0,0
,0,0
,0,0
,0,0
,0,0
,0,0
,0,0
,0,0
,0,0
,0,0
,0,0
,0,0
,0,0
,0,0
,0,0
,0,0
,0,0
,0,0
,0,0
,0,0
,0,0
,0,0
,0,0
,0,0
,0,0
,0,0
,0,0
,0,0
,0,0
,0,0
,0,0
,0,0
,0,0
,0,0
,0,0
,0,0
,0,0
,0,0
,0,0
,0,0
,0,0
,0,0
,0,0
,0,0
,0,0
,0,0
,0,0
,0,0
,0,0
,0,0
,0,0
,0,0
,0,0
,0,0
,0,0
,0,0
,0,0
,0,0
,0,0
,0,0
,0,0
,0,0
,0,0
,0,0
,0,0
,0,0
,0,0
,0,0
,0,0
,0,0
,0,0
,0,0
,0,0
,0,0
,0,0
,0,0
,0,0
,0,0
,0,0
,0,0
,0,0
,0,0
,0,0
,0,0
,0,0
,0,0
,0,0
,0,0
,0,0
,0,0
,0,0
,0,0
,0,0
,0,0
,0,0
,0,0
,0,0.013609958506224264
,0,0.0653278008298756
,0,0.07468879668049795
,0,0.05809128630705395
,0,0.07634854771784239
,0,0.07800829875518675
,0,0.05809128630705395
,0,0.044813278008298756
,0,0.053112033195020794
,0,0.05477178423236515
,0,0.03651452282157679
,0,0.03764315352697111
,0,0.0
,0,0
,0,0
,0,0
,0,0
,0,0
,0,0
,0,0
,0,0
,0,0
,0,0
,0,0
,0,0
,0,0
,0,0
,0,0
,0,0
,0,0
,0,0
,0,0
,0,0
,0,0
,0,0
,0,0
,0,0
,0,0
,0,0
,0,0
,0,0
,0,0
,0,0
,0,0
,0,0
,0,0
,0,0
,0,0
,0,0
,0,0
,0,0
,0,0
,0,0
,0,0
,0,0
,0,0
,0,0
,0,0
,0,0
,0,0
,0,0
,0,0
,0,0
,0,0
,0,0
,0,0
,0,0
,0,0
,0,0
,0,0.005842323651452151
,0,0.024829875518672207
,0,0.03153526970954356
,0,0.025095435684647404
,0,0.004780082987551761
,0,0
,0,0
,0,0
,0,0
,0,0
,0,0
,0,0
,0,0
,0,0
,0,0
,0,0
,0,0
,0,0
,0,0
,0,0
,0,0
,0,0
,0,0
,0,0
,0,0
,0,0
,0,0
,0,0
,0,0
,0,0
,0,0
,0,0
,0,0
,0,0
,0,0
,0,0
,0,0
,0,0
,0,0
,0,0
,0,0
,0,0
,0,0
,0,0
,0,0
,0,0
,0,0
,0,0
,0,0
,0,0
,0,0
,0,0
,0,0
,0,0
,0,0
,0,0
,0,0
,0,0
,0,0
,0,0
,0,0
,0,0
,0,0
,0,0
,0,0
,0,0
,0,0
,0,0
,0,0
,0,0
,0,0
,0,0
,0,0
,0,0
,0,0
,0,0
,0,0
,0,0
,0,0
,0,0
,0,0
,0,0
,0,0
,0,0
,0,0
,0,0
,0,0
,0,0
,0,0
,0,0
,0,0
,0,0
,0,0
,0,0
,0,0
,0,0
,0,0
,0,0
,0,0
,0,0
,0,0
,0,0
,0,0
,0,0
,0,0
,0,0
,0,0
,0,0
,0,0
,0,0
,0,0
,0,0
,0,0
,0,0
,0,0
,0,0
,0,0
,0,0
,0,0
,0,0
,0,0
,0,0
,0,0
,0,0
,0,0
,0,0
,0,0
,0,0
,0,0
,0,0
,0,0
,0,0
,0,0
,0,0
,0,0
,0,0
,0,0
,0,0
,0,0
,0,0
,0,0
,0,0
,0,0
,0,0
,0,0
,0,0
,0,0
,0,0
,0,0
,0,0
,0,0
,0,0
,0,0
,0,0
,0,0
,0,0
,0,0
,0,0
,0,0
,0,0
,0,0
,0,0
,0,0
,0,0
,0,0
,0,0
,0,0
,0,0
,0,0
,0,0
,0,0
,0,0
,0,0
,0,0
,0,0.0005311203319502437
,0,0
,0,0
,0,0.002522821576763537
,0,0.0022572614107884328
,0,0.0009294605809128882
,0,0
,0,0.012082987551867258
,0,0.019917012448132796
,0,0.005178423236514561
,0,0
,0,0.01606639004149387
,0,0.020315352697095494
,0,0
,0,0
,0,0
,0,0
,0,0
,0,0
,0,0
,0,0
,0,0
,0,0
,0,0
,0,0
,0,0
,0,0
,0,0
,0,0
,0,0
,0,0
,0,0
,0,0
,0,0
,0,0
,0,0
,0,0
,0,0
,0,0
,0,0
,0,0
,0,0
,0,0
,0,0
,0,0
,0,0
,0,0
,0,0
,0,0
,0,0
,0,0
,0,0
,0,0
,0,0
,0,0
,0,0
,0,0
,0,0
,0,0
,0,0
,0,0
,0,0
,0,0
,0,0
,0,0
,0,0
,0,0
,0,0
,0,0
,0,0
,0,0
,0,0
,0,0
,0,0
,0,0
,0,0
,0,0
,0,0
,0,0
,0,0
,0,0
,0,0
,0,0
,0,0
,0,0
,0,0
,0,0
,0,0
,0,0
,0,0
,0,0
,0,0
,0,0
,0,0
,0,0
,0,0
,0,0
,0,0
,0,0
,0,0
,0,0
,0,0
,0,0
,0,0
,0,0
,0,0
,0,0
,0,0
,0,0
,0,0
,0,0
,0,0
,0,0
,0,0
,0,0
,0,0
,0,0
,0,0
,0,0
,0,0
,0,0
,0,0
,0,0
,0,0
,0,0
,0,0
,0,0
,0,0
,0,0
,0,0
,0,0
,0,0
,0,0
,0,0
,0,0
,0,0
,0,0
,0,0
,0,0
,0,0
,0,0
,0,0
,0,0
,0,0
,0,0
,0,0
,0,0
,0,0
,0,0
,0,0
,0,0
,0,0
,0,0
,0,0
,0,0
,0,0
,0,0
,0,0
,0,0
,0,0
,0,0
,0,0
,0,0
,0,0
,0,0
,0,0
,0,0
,0,0
,0,0
,0,0
,0,0
,0,0
,0,0
,0,0
,0,0
,0,0
,0,0
,0,0
,0,0
,0,0
,0,0
,0,0
,0,0
,0,0
,0,0
,0,0
,0,0
,0,0
,0,0
,0,0
,0,0
,0,0
,0,0
,0,0
,0,0
,0,0
,0,0
,0,0
,0,0
,0,0
,0,0
,0,0
,0,0
,0,0
,0,0
,0,0
,0,0
,0,0
,0,0
,0,0
,0,0
,0,0
,0,0
,0,0
,0,0
,0,0
,0,0
,0,0
,0,0
,0,0
,0,0
,0,0
,0,0
